Package,Class,Name,COMP,NOA,VDEC,VREF,HLTH,HVOC,HVOL,HDIF,HEFF,HBUG,CAST,NOPR,NAND,CREF,XMET,LMET,EXCR,EXCT,MOD,NLOC
org.apache.commons.codec.language.bm,NameType,values,2,0,0,0,0.0,0.0,0.0,0.0,0.0,0.0,1,0,0,2,1,0,0,0,2,1
org.apache.commons.codec.language.bm,NameType,valueOf,1,1,1,1,0.0,0.0,0.0,0.0,0.0,0.0,1,0,0,3,1,0,0,0,2,1
org.apache.commons.codec.language.bm,NameType,NameType,1,3,1,4,0.0,0.0,0.0,0.0,0.0,0.0,0,0,0,3,1,0,0,0,1,3
org.apache.commons.codec.language.bm,NameType,getName,1,0,0,1,0.0,0.0,0.0,0.0,0.0,0.0,0,0,0,1,0,0,0,0,1,1
org.apache.commons.codec.language.bm,Languages$LanguageSet,Languages$LanguageSet,1,0,0,1,0.0,0.0,0.0,0.0,0.0,0.0,0,0,0,2,1,0,0,0,1,1
org.apache.commons.codec.language.bm,Languages$LanguageSet,from,2,1,1,1,0.0,0.0,0.0,0.0,0.0,0.0,0,0,0,3,2,0,0,0,2,1
org.apache.commons.codec.language.bm,Languages$LanguageSet,contains,2,1,0,0,0.0,0.0,0.0,0.0,0.0,0.0,0,0,0,0,0,0,0,0,2,0
org.apache.commons.codec.language.bm,Languages$LanguageSet,getAny,2,0,0,0,0.0,0.0,0.0,0.0,0.0,0.0,0,0,0,0,0,0,0,0,2,0
org.apache.commons.codec.language.bm,Languages$LanguageSet,isEmpty,2,0,0,0,0.0,0.0,0.0,0.0,0.0,0.0,0,0,0,0,0,0,0,0,2,0
org.apache.commons.codec.language.bm,Languages$LanguageSet,isSingleton,2,0,0,0,0.0,0.0,0.0,0.0,0.0,0.0,0,0,0,0,0,0,0,0,2,0
org.apache.commons.codec.language.bm,Languages$LanguageSet,restrictTo,2,1,0,0,0.0,0.0,0.0,0.0,0.0,0.0,0,0,0,0,0,0,0,0,2,0
org.apache.commons.codec.language.bm,Languages$LanguageSet,merge,2,1,0,0,0.0,0.0,0.0,0.0,0.0,0.0,0,0,0,0,0,0,0,0,1,0
org.apache.commons.codec.language.bm,Languages$SomeLanguages,Languages$SomeLanguages,1,1,1,2,0.0,0.0,0.0,0.0,0.0,0.0,0,0,0,4,2,0,0,0,1,3
org.apache.commons.codec.language.bm,Languages$SomeLanguages,contains,1,1,1,2,0.0,0.0,0.0,0.0,0.0,0.0,0,0,0,3,1,0,0,0,1,1
org.apache.commons.codec.language.bm,Languages$SomeLanguages,getAny,1,0,0,1,0.0,0.0,0.0,0.0,0.0,0.0,1,0,0,4,2,0,0,0,1,1
org.apache.commons.codec.language.bm,Languages$SomeLanguages,getLanguages,1,0,0,1,0.0,0.0,0.0,0.0,0.0,0.0,0,0,0,1,0,0,0,0,1,1
org.apache.commons.codec.language.bm,Languages$SomeLanguages,isEmpty,1,0,0,1,0.0,0.0,0.0,0.0,0.0,0.0,0,0,0,2,1,0,0,0,1,1
org.apache.commons.codec.language.bm,Languages$SomeLanguages,isSingleton,2,0,0,1,0.0,0.0,0.0,0.0,0.0,0.0,0,0,0,2,1,0,0,0,1,1
org.apache.commons.codec.language.bm,Languages$SomeLanguages,restrictTo,5,1,4,6,12.0,8.0,36.0,2.0,72.0,0.012,2,4,8,8,8,1,0,0,1,11
org.apache.commons.codec.language.bm,Languages$SomeLanguages,merge,4,1,4,6,12.0,7.0,33.68825906469125,2.0,67.3765181293825,0.011229419688230418,2,4,8,7,5,1,0,0,1,10
org.apache.commons.codec.language.bm,Languages$SomeLanguages,toString,1,0,0,1,0.0,0.0,0.0,0.0,0.0,0.0,0,0,0,3,4,0,0,0,1,1
org.apache.commons.codec.language.bm,Languages$SomeLanguages,Languages$SomeLanguages,1,2,2,2,0.0,0.0,0.0,0.0,0.0,0.0,0,0,0,3,0,1,0,0,1,1
org.apache.commons.codec.language.bm,Languages$1,Languages$1,1,0,0,1,0.0,0.0,0.0,0.0,0.0,0.0,0,0,0,2,1,0,0,0,0,1
org.apache.commons.codec.language.bm,Languages$1,contains,1,1,1,0,0.0,0.0,0.0,0.0,0.0,0.0,0,0,0,2,0,0,0,0,1,1
org.apache.commons.codec.language.bm,Languages$1,getAny,1,0,0,0,0.0,0.0,0.0,0.0,0.0,0.0,0,0,0,2,1,0,1,0,1,1
org.apache.commons.codec.language.bm,Languages$1,isEmpty,1,0,0,0,0.0,0.0,0.0,0.0,0.0,0.0,0,0,0,1,0,0,0,0,1,1
org.apache.commons.codec.language.bm,Languages$1,isSingleton,1,0,0,0,0.0,0.0,0.0,0.0,0.0,0.0,0,0,0,1,0,0,0,0,1,1
org.apache.commons.codec.language.bm,Languages$1,restrictTo,1,1,1,1,0.0,0.0,0.0,0.0,0.0,0.0,0,0,0,2,0,0,0,0,1,1
org.apache.commons.codec.language.bm,Languages$1,merge,1,1,1,1,0.0,0.0,0.0,0.0,0.0,0.0,0,0,0,2,0,0,0,0,1,1
org.apache.commons.codec.language.bm,Languages$1,toString,1,0,0,0,0.0,0.0,0.0,0.0,0.0,0.0,0,0,0,1,0,0,0,0,1,1
org.apache.commons.codec.language.bm,Languages$2,Languages$2,1,0,0,1,0.0,0.0,0.0,0.0,0.0,0.0,0,0,0,2,1,0,0,0,0,1
org.apache.commons.codec.language.bm,Languages$2,contains,1,1,1,0,0.0,0.0,0.0,0.0,0.0,0.0,0,0,0,2,0,0,0,0,1,1
org.apache.commons.codec.language.bm,Languages$2,getAny,1,0,0,0,0.0,0.0,0.0,0.0,0.0,0.0,0,0,0,2,1,0,1,0,1,1
org.apache.commons.codec.language.bm,Languages$2,isEmpty,1,0,0,0,0.0,0.0,0.0,0.0,0.0,0.0,0,0,0,1,0,0,0,0,1,1
org.apache.commons.codec.language.bm,Languages$2,isSingleton,1,0,0,0,0.0,0.0,0.0,0.0,0.0,0.0,0,0,0,1,0,0,0,0,1,1
org.apache.commons.codec.language.bm,Languages$2,restrictTo,1,1,1,1,0.0,0.0,0.0,0.0,0.0,0.0,0,0,0,2,0,0,0,0,1,1
org.apache.commons.codec.language.bm,Languages$2,merge,1,1,1,1,0.0,0.0,0.0,0.0,0.0,0.0,0,0,0,2,0,0,0,0,1,1
org.apache.commons.codec.language.bm,Languages$2,toString,1,0,0,0,0.0,0.0,0.0,0.0,0.0,0.0,0,0,0,1,0,0,0,0,1,1
org.apache.commons.codec.language.bm,Languages,getInstance,1,1,1,1,0.0,0.0,0.0,0.0,0.0,0.0,1,0,0,3,1,0,0,0,2,1
org.apache.commons.codec.language.bm,Languages,getInstance,7,1,6,7,24.0,13.0,88.81055323538621,4.0,355.24221294154484,0.029603517745128736,0,8,16,12,17,1,1,0,2,19
org.apache.commons.codec.language.bm,Languages,langResourceName,1,1,1,1,3.0,1.0,0.0,0.0,0.0,0.0,0,1,2,3,2,0,0,0,2,1
org.apache.commons.codec.language.bm,Languages,Languages,1,1,1,2,0.0,0.0,0.0,0.0,0.0,0.0,0,0,0,3,1,0,0,0,1,3
org.apache.commons.codec.language.bm,Languages,getLanguages,1,0,0,1,0.0,0.0,0.0,0.0,0.0,0.0,0,0,0,1,0,0,0,0,1,1
org.apache.commons.codec.language.bm,Rule$Phoneme$1,Rule$Phoneme$1,1,0,0,1,0.0,0.0,0.0,0.0,0.0,0.0,0,0,0,2,1,0,0,0,0,1
org.apache.commons.codec.language.bm,Rule$Phoneme$1,compare,5,2,4,4,11.0,9.0,34.86917501586544,2.0,69.73835003173087,0.011623058338621813,0,4,7,3,3,0,0,0,1,9
org.apache.commons.codec.language.bm,Rule$Phoneme$1,compare,1,2,0,3,0.0,0.0,0.0,0.0,0.0,0.0,2,0,0,2,0,1,0,0,3,1
org.apache.commons.codec.language.bm,Rule$Phoneme,Rule$Phoneme,1,2,2,3,0.0,0.0,0.0,0.0,0.0,0.0,0,0,0,5,2,0,0,0,1,4
org.apache.commons.codec.language.bm,Rule$Phoneme,Rule$Phoneme,1,2,2,3,0.0,0.0,0.0,0.0,0.0,0.0,0,0,0,2,1,1,0,0,1,3
org.apache.commons.codec.language.bm,Rule$Phoneme,Rule$Phoneme,1,3,3,4,0.0,0.0,0.0,0.0,0.0,0.0,0,0,0,3,1,1,0,0,1,3
org.apache.commons.codec.language.bm,Rule$Phoneme,append,1,1,1,2,0.0,0.0,0.0,0.0,0.0,0.0,0,0,0,3,1,0,0,0,1,2
org.apache.commons.codec.language.bm,Rule$Phoneme,getLanguages,1,0,0,1,0.0,0.0,0.0,0.0,0.0,0.0,0,0,0,1,0,0,0,0,1,1
org.apache.commons.codec.language.bm,Rule$Phoneme,getPhonemes,1,0,0,1,0.0,0.0,0.0,0.0,0.0,0.0,0,0,0,2,1,0,0,0,1,1
org.apache.commons.codec.language.bm,Rule$Phoneme,getPhonemeText,1,0,0,1,0.0,0.0,0.0,0.0,0.0,0.0,0,0,0,1,0,0,0,0,1,1
org.apache.commons.codec.language.bm,Rule$Phoneme,join,1,1,1,2,0.0,0.0,0.0,0.0,0.0,0.0,0,0,0,4,4,1,0,0,2,2
org.apache.commons.codec.language.bm,Rule$Phoneme,mergeWithLanguage,1,1,1,2,0.0,0.0,0.0,0.0,0.0,0.0,0,0,0,3,2,1,0,0,1,1
org.apache.commons.codec.language.bm,Rule$Phoneme,toString,1,0,0,1,0.0,0.0,0.0,0.0,0.0,0.0,0,0,0,2,4,0,0,0,1,1
org.apache.commons.codec.language.bm,Rule$Phoneme,access$000,1,1,1,1,0.0,0.0,0.0,0.0,0.0,0.0,0,0,0,1,0,0,0,0,2,1
org.apache.commons.codec.language.bm,Rule$PhonemeExpr,getPhonemes,2,0,0,0,0.0,0.0,0.0,0.0,0.0,0.0,0,0,0,0,0,0,0,0,2,0
org.apache.commons.codec.language.bm,Rule$PhonemeList,Rule$PhonemeList,1,1,1,2,0.0,0.0,0.0,0.0,0.0,0.0,0,0,0,3,1,0,0,0,1,3
org.apache.commons.codec.language.bm,Rule$PhonemeList,getPhonemes,1,0,0,1,0.0,0.0,0.0,0.0,0.0,0.0,0,0,0,1,0,0,0,0,1,1
org.apache.commons.codec.language.bm,Rule$PhonemeList,getPhonemes,1,0,0,1,0.0,0.0,0.0,0.0,0.0,0.0,0,0,0,1,0,1,0,0,3,1
org.apache.commons.codec.language.bm,Rule$RPattern,isMatch,2,1,0,0,0.0,0.0,0.0,0.0,0.0,0.0,0,0,0,0,0,0,0,0,2,0
org.apache.commons.codec.language.bm,Rule$1,Rule$1,1,0,0,1,0.0,0.0,0.0,0.0,0.0,0.0,0,0,0,2,1,0,0,0,0,1
org.apache.commons.codec.language.bm,Rule$1,isMatch,1,1,1,0,0.0,0.0,0.0,0.0,0.0,0.0,0,0,0,2,0,0,0,0,1,1
org.apache.commons.codec.language.bm,Rule$2,Rule$2,1,9,4,10,0.0,0.0,0.0,0.0,0.0,0.0,0,0,0,4,1,0,0,0,0,3
org.apache.commons.codec.language.bm,Rule$2,toString,1,0,1,2,3.0,3.0,4.754887502163469,0.0,0.0,0.0015849625007211565,0,1,2,2,5,0,0,0,1,9
org.apache.commons.codec.language.bm,Rule$3,Rule$3,1,0,0,1,0.0,0.0,0.0,0.0,0.0,0.0,0,0,0,2,1,0,0,0,0,1
org.apache.commons.codec.language.bm,Rule$3,isMatch,2,1,1,1,0.0,0.0,0.0,0.0,0.0,0.0,0,0,0,2,1,0,0,0,1,1
org.apache.commons.codec.language.bm,Rule$4,Rule$4,1,1,0,2,0.0,0.0,0.0,0.0,0.0,0.0,0,0,0,2,1,0,0,0,0,1
org.apache.commons.codec.language.bm,Rule$4,isMatch,1,1,1,2,0.0,0.0,0.0,0.0,0.0,0.0,0,0,0,3,1,0,0,0,1,1
org.apache.commons.codec.language.bm,Rule$5,Rule$5,1,1,0,2,0.0,0.0,0.0,0.0,0.0,0.0,0,0,0,2,1,0,0,0,0,1
org.apache.commons.codec.language.bm,Rule$5,isMatch,1,1,1,2,0.0,0.0,0.0,0.0,0.0,0.0,0,0,0,3,1,0,0,0,1,1
org.apache.commons.codec.language.bm,Rule$6,Rule$6,1,1,0,2,0.0,0.0,0.0,0.0,0.0,0.0,0,0,0,2,1,0,0,0,0,1
org.apache.commons.codec.language.bm,Rule$6,isMatch,1,1,1,2,0.0,0.0,0.0,0.0,0.0,0.0,0,0,0,3,1,0,0,0,1,1
org.apache.commons.codec.language.bm,Rule$7,Rule$7,1,2,0,3,0.0,0.0,0.0,0.0,0.0,0.0,0,0,0,2,1,0,0,0,0,1
org.apache.commons.codec.language.bm,Rule$7,isMatch,2,1,1,2,0.0,0.0,0.0,0.0,0.0,0.0,0,0,0,3,3,0,0,0,1,1
org.apache.commons.codec.language.bm,Rule$8,Rule$8,1,2,0,3,0.0,0.0,0.0,0.0,0.0,0.0,0,0,0,2,1,0,0,0,0,1
org.apache.commons.codec.language.bm,Rule$8,isMatch,2,1,1,2,0.0,0.0,0.0,0.0,0.0,0.0,0,0,0,3,3,0,0,0,1,1
org.apache.commons.codec.language.bm,Rule$9,Rule$9,1,2,0,3,0.0,0.0,0.0,0.0,0.0,0.0,0,0,0,2,1,0,0,0,0,1
org.apache.commons.codec.language.bm,Rule$9,isMatch,3,1,1,2,3.0,1.0,0.0,0.0,0.0,0.0,0,1,2,3,3,0,0,0,1,2
org.apache.commons.codec.language.bm,Rule$10,Rule$10,1,1,0,2,0.0,0.0,0.0,0.0,0.0,0.0,0,0,0,3,2,0,0,0,0,2
org.apache.commons.codec.language.bm,Rule$10,isMatch,1,1,2,3,3.0,3.0,4.754887502163469,0.0,0.0,0.0015849625007211565,0,1,2,4,2,0,0,0,1,2
org.apache.commons.codec.language.bm,Rule,contains,3,2,3,3,5.0,4.0,10.0,1.0,10.0,0.0033333333333333335,0,2,3,1,2,0,0,0,2,4
org.apache.commons.codec.language.bm,Rule,createResourceName,1,3,3,3,9.0,1.0,0.0,0.0,0.0,0.0,0,3,6,4,3,0,0,0,2,2
org.apache.commons.codec.language.bm,Rule,createScanner,2,3,5,5,6.0,5.0,13.931568569324174,1.0,13.931568569324174,0.004643856189774725,0,2,4,10,7,1,1,0,2,5
org.apache.commons.codec.language.bm,Rule,createScanner,2,1,3,3,9.0,5.0,20.89735285398626,1.0,20.89735285398626,0.0069657842846620865,0,3,6,8,8,0,1,0,2,5
org.apache.commons.codec.language.bm,Rule,endsWith,4,2,4,4,16.0,8.0,48.0,6.0,288.0,0.016,0,6,10,1,2,0,0,0,2,6
org.apache.commons.codec.language.bm,Rule,getInstance,2,3,6,7,12.0,7.0,33.68825906469125,2.0,67.3765181293825,0.011229419688230418,1,4,8,9,6,1,0,0,2,6
org.apache.commons.codec.language.bm,Rule,getInstance,1,3,3,3,3.0,1.0,0.0,0.0,0.0,0.0,0,1,2,7,3,1,0,0,2,1
org.apache.commons.codec.language.bm,Rule,getInstanceMap,2,3,3,3,0.0,0.0,0.0,0.0,0.0,0.0,0,0,0,4,2,1,0,0,2,2
org.apache.commons.codec.language.bm,Rule,getInstanceMap,2,3,4,4,12.0,3.0,19.019550008653876,8.0,152.156400069231,0.006339850002884626,3,4,8,7,5,0,1,0,2,5
org.apache.commons.codec.language.bm,Rule,parsePhoneme,3,1,5,5,18.0,12.0,64.52932501298082,3.0,193.58797503894246,0.02150977500432694,0,6,12,8,10,0,1,0,2,9
org.apache.commons.codec.language.bm,Rule,parsePhonemeExpr,6,1,4,7,23.0,14.0,87.56916320732489,4.0,350.27665282929956,0.029189721069108297,0,8,15,8,10,1,1,0,2,11
org.apache.commons.codec.language.bm,Rule,parseRules,11,2,19,17,68.0,33.0,343.01880011637485,11.0,3773.2068012801233,0.11433960003879162,1,23,45,12,24,4,2,0,2,44
org.apache.commons.codec.language.bm,Rule,pattern,18,1,11,11,39.0,23.0,176.41891628622352,6.0,1058.5134977173411,0.05880630542874117,0,13,26,10,14,0,0,0,2,32
org.apache.commons.codec.language.bm,Rule,startsWith,4,2,3,3,5.0,4.0,10.0,1.0,10.0,0.0033333333333333335,0,2,3,1,2,0,0,0,2,6
org.apache.commons.codec.language.bm,Rule,stripQuotes,3,1,1,1,9.0,6.0,23.264662506490403,1.0,23.264662506490403,0.007754887502163467,0,3,6,1,5,0,0,0,2,5
org.apache.commons.codec.language.bm,Rule,Rule,1,4,4,5,0.0,0.0,0.0,0.0,0.0,0.0,0,0,0,5,4,1,0,0,1,6
org.apache.commons.codec.language.bm,Rule,getLContext,1,0,0,1,0.0,0.0,0.0,0.0,0.0,0.0,0,0,0,1,0,0,0,0,1,1
org.apache.commons.codec.language.bm,Rule,getPattern,1,0,0,1,0.0,0.0,0.0,0.0,0.0,0.0,0,0,0,1,0,0,0,0,1,1
org.apache.commons.codec.language.bm,Rule,getPhoneme,1,0,0,1,0.0,0.0,0.0,0.0,0.0,0.0,0,0,0,1,0,0,0,0,1,1
org.apache.commons.codec.language.bm,Rule,getRContext,1,0,0,1,0.0,0.0,0.0,0.0,0.0,0.0,0,0,0,1,0,0,0,0,1,1
org.apache.commons.codec.language.bm,Rule,patternAndContextMatches,5,2,4,5,9.0,6.0,23.264662506490403,1.0,23.264662506490403,0.007754887502163467,0,3,6,6,6,0,1,0,1,11
org.apache.commons.codec.language.bm,Rule,access$100,1,2,2,2,0.0,0.0,0.0,0.0,0.0,0.0,0,0,0,2,0,1,0,0,2,1
org.apache.commons.codec.language.bm,Rule,access$200,1,2,2,2,0.0,0.0,0.0,0.0,0.0,0.0,0,0,0,2,0,1,0,0,2,1
org.apache.commons.codec.language.bm,Rule,access$300,1,2,2,2,0.0,0.0,0.0,0.0,0.0,0.0,0,0,0,2,0,1,0,0,2,1
org.apache.commons.codec.language.bm,PhoneticEngine$PhonemeBuilder,empty,1,1,1,1,0.0,0.0,0.0,0.0,0.0,0.0,0,0,0,3,1,1,0,0,2,1
org.apache.commons.codec.language.bm,PhoneticEngine$PhonemeBuilder,PhoneticEngine$PhonemeBuilder,1,1,1,2,0.0,0.0,0.0,0.0,0.0,0.0,0,0,0,5,3,0,0,0,1,4
org.apache.commons.codec.language.bm,PhoneticEngine$PhonemeBuilder,PhoneticEngine$PhonemeBuilder,1,1,1,2,0.0,0.0,0.0,0.0,0.0,0.0,0,0,0,3,1,0,0,0,1,3
org.apache.commons.codec.language.bm,PhoneticEngine$PhonemeBuilder,append,2,1,2,4,6.0,4.0,12.0,1.0,12.0,0.004,1,2,4,5,4,0,0,0,1,4
org.apache.commons.codec.language.bm,PhoneticEngine$PhonemeBuilder,apply,6,2,7,10,21.0,13.0,77.70923408096293,3.0,233.1277022428888,0.025903078026987644,2,7,14,8,14,0,0,0,1,15
org.apache.commons.codec.language.bm,PhoneticEngine$PhonemeBuilder,getPhonemes,1,0,0,1,0.0,0.0,0.0,0.0,0.0,0.0,0,0,0,1,0,0,0,0,1,1
org.apache.commons.codec.language.bm,PhoneticEngine$PhonemeBuilder,makeString,3,0,2,4,9.0,6.0,23.264662506490403,1.0,23.264662506490403,0.007754887502163467,1,3,6,5,9,0,0,0,1,7
org.apache.commons.codec.language.bm,PhoneticEngine$PhonemeBuilder,PhoneticEngine$PhonemeBuilder,1,2,2,2,0.0,0.0,0.0,0.0,0.0,0.0,0,0,0,3,0,1,0,0,1,1
org.apache.commons.codec.language.bm,PhoneticEngine$RulesApplication,PhoneticEngine$RulesApplication,2,5,5,6,0.0,0.0,0.0,0.0,0.0,0.0,0,0,0,6,2,0,1,0,1,9
org.apache.commons.codec.language.bm,PhoneticEngine$RulesApplication,getI,1,0,0,1,0.0,0.0,0.0,0.0,0.0,0.0,0,0,0,1,0,0,0,0,1,1
org.apache.commons.codec.language.bm,PhoneticEngine$RulesApplication,getPhonemeBuilder,1,0,0,1,0.0,0.0,0.0,0.0,0.0,0.0,0,0,0,1,0,0,0,0,1,1
org.apache.commons.codec.language.bm,PhoneticEngine$RulesApplication,invoke,5,0,4,6,27.0,11.0,93.40465370320705,8.0,747.2372296256564,0.031134884567735683,2,9,18,8,10,0,0,0,1,16
org.apache.commons.codec.language.bm,PhoneticEngine$RulesApplication,isFound,1,0,0,1,0.0,0.0,0.0,0.0,0.0,0.0,0,0,0,1,0,0,0,0,1,1
org.apache.commons.codec.language.bm,PhoneticEngine,join,3,2,4,4,6.0,5.0,13.931568569324174,1.0,13.931568569324174,0.004643856189774725,2,2,4,4,6,0,0,0,2,7
org.apache.commons.codec.language.bm,PhoneticEngine,PhoneticEngine,1,3,3,4,0.0,0.0,0.0,0.0,0.0,0.0,0,0,0,3,0,1,0,0,1,2
org.apache.commons.codec.language.bm,PhoneticEngine,PhoneticEngine,2,4,4,5,0.0,0.0,0.0,0.0,0.0,0.0,0,0,0,7,7,0,1,0,1,9
org.apache.commons.codec.language.bm,PhoneticEngine,applyFinalRules,8,2,12,12,45.0,23.0,203.5602880225656,7.0,1424.9220161579592,0.0678534293408552,3,15,30,11,25,0,1,0,1,27
org.apache.commons.codec.language.bm,PhoneticEngine,encode,1,1,2,3,3.0,3.0,4.754887502163469,0.0,0.0,0.0015849625007211565,0,1,2,4,1,1,0,0,1,2
org.apache.commons.codec.language.bm,PhoneticEngine,encode,10,2,20,12,90.0,32.0,450.0,30.0,13500.0,0.15,7,30,60,19,35,3,1,0,1,50
org.apache.commons.codec.language.bm,PhoneticEngine,getLang,1,0,0,1,0.0,0.0,0.0,0.0,0.0,0.0,0,0,0,1,0,0,0,0,1,1
org.apache.commons.codec.language.bm,PhoneticEngine,getNameType,1,0,0,1,0.0,0.0,0.0,0.0,0.0,0.0,0,0,0,1,0,0,0,0,1,1
org.apache.commons.codec.language.bm,PhoneticEngine,getRuleType,1,0,0,1,0.0,0.0,0.0,0.0,0.0,0.0,0,0,0,1,0,0,0,0,1,1
org.apache.commons.codec.language.bm,PhoneticEngine,isConcat,1,0,0,1,0.0,0.0,0.0,0.0,0.0,0.0,0,0,0,1,0,0,0,0,1,1
org.apache.commons.codec.language.bm,PhoneticEngine,getMaxPhonemes,1,0,0,1,0.0,0.0,0.0,0.0,0.0,0.0,0,0,0,1,0,0,0,0,1,1
org.apache.commons.codec.language.bm,Lang$LangRule,Lang$LangRule,1,3,3,4,0.0,0.0,0.0,0.0,0.0,0.0,0,0,0,4,1,0,0,0,1,5
org.apache.commons.codec.language.bm,Lang$LangRule,matches,1,1,1,2,0.0,0.0,0.0,0.0,0.0,0.0,0,0,0,4,2,0,0,0,1,1
org.apache.commons.codec.language.bm,Lang$LangRule,Lang$LangRule,1,4,4,4,0.0,0.0,0.0,0.0,0.0,0.0,0,0,0,4,0,1,0,0,1,1
org.apache.commons.codec.language.bm,Lang$LangRule,access$100,1,1,1,1,0.0,0.0,0.0,0.0,0.0,0.0,0,0,0,1,0,0,0,0,2,1
org.apache.commons.codec.language.bm,Lang$LangRule,access$200,1,1,1,1,0.0,0.0,0.0,0.0,0.0,0.0,0,0,0,1,0,0,0,0,2,1
org.apache.commons.codec.language.bm,Lang,instance,1,1,1,1,0.0,0.0,0.0,0.0,0.0,0.0,1,0,0,3,1,0,0,0,2,1
org.apache.commons.codec.language.bm,Lang,loadFromResource,9,2,13,14,48.0,26.0,225.62110647077245,8.0,1804.9688517661796,0.07520703549025748,0,16,32,17,25,1,2,0,2,31
org.apache.commons.codec.language.bm,Lang,Lang,1,2,2,3,0.0,0.0,0.0,0.0,0.0,0.0,0,0,0,5,2,0,0,0,1,4
org.apache.commons.codec.language.bm,Lang,guessLanguage,2,1,2,3,3.0,3.0,4.754887502163469,0.0,0.0,0.0015849625007211565,0,1,2,3,2,1,0,0,1,2
org.apache.commons.codec.language.bm,Lang,guessLanguages,5,1,5,6,15.0,9.0,47.548875021634686,2.0,95.09775004326937,0.01584962500721156,1,5,10,11,13,0,0,0,1,10
org.apache.commons.codec.language.bm,RuleType,values,2,0,0,0,0.0,0.0,0.0,0.0,0.0,0.0,1,0,0,2,1,0,0,0,2,1
org.apache.commons.codec.language.bm,RuleType,valueOf,1,1,1,1,0.0,0.0,0.0,0.0,0.0,0.0,1,0,0,3,1,0,0,0,2,1
org.apache.commons.codec.language.bm,RuleType,RuleType,1,3,1,4,0.0,0.0,0.0,0.0,0.0,0.0,0,0,0,3,1,0,0,0,1,3
org.apache.commons.codec.language.bm,RuleType,getName,1,0,0,1,0.0,0.0,0.0,0.0,0.0,0.0,0,0,0,1,0,0,0,0,1,1
org.apache.commons.codec.language.bm,ResourceConstants,ResourceConstants,1,0,0,1,0.0,0.0,0.0,0.0,0.0,0.0,0,0,0,2,1,0,0,0,0,1
org.apache.commons.codec.language.bm,BeiderMorseEncoder,BeiderMorseEncoder,1,0,0,1,0.0,0.0,0.0,0.0,0.0,0.0,0,0,0,5,2,0,0,0,1,2
org.apache.commons.codec.language.bm,BeiderMorseEncoder,encode,2,1,1,2,1.0,1.0,0.0,0.0,0.0,0.0,1,1,0,4,1,1,1,1,1,3
org.apache.commons.codec.language.bm,BeiderMorseEncoder,encode,2,1,1,2,0.0,0.0,0.0,0.0,0.0,0.0,0,0,0,3,1,0,1,1,1,3
org.apache.commons.codec.language.bm,BeiderMorseEncoder,getNameType,1,0,0,1,0.0,0.0,0.0,0.0,0.0,0.0,0,0,0,2,1,0,0,0,1,1
org.apache.commons.codec.language.bm,BeiderMorseEncoder,getRuleType,1,0,0,1,0.0,0.0,0.0,0.0,0.0,0.0,0,0,0,2,1,0,0,0,1,1
org.apache.commons.codec.language.bm,BeiderMorseEncoder,isConcat,1,0,0,1,0.0,0.0,0.0,0.0,0.0,0.0,0,0,0,2,1,0,0,0,1,1
org.apache.commons.codec.language.bm,BeiderMorseEncoder,setConcat,1,1,1,2,0.0,0.0,0.0,0.0,0.0,0.0,0,0,0,2,4,0,0,0,1,4
org.apache.commons.codec.language.bm,BeiderMorseEncoder,setNameType,1,1,1,2,0.0,0.0,0.0,0.0,0.0,0.0,0,0,0,3,4,0,0,0,1,5
org.apache.commons.codec.language.bm,BeiderMorseEncoder,setRuleType,1,1,1,2,0.0,0.0,0.0,0.0,0.0,0.0,0,0,0,3,4,0,0,0,1,4
org.apache.commons.codec.language.bm,BeiderMorseEncoder,setMaxPhonemes,1,1,1,2,0.0,0.0,0.0,0.0,0.0,0.0,0,0,0,2,4,0,0,0,1,4
org.apache.commons.codec.language,Metaphone,Metaphone,1,0,0,1,0.0,0.0,0.0,0.0,0.0,0.0,0,0,0,2,1,0,0,0,1,3
org.apache.commons.codec.language,Metaphone,metaphone,55,1,10,10,82.0,21.0,360.1700286678584,42.0,15127.141204050053,0.12005667622261947,0,28,54,4,13,6,0,0,1,140
org.apache.commons.codec.language,Metaphone,isVowel,2,2,2,2,0.0,0.0,0.0,0.0,0.0,0.0,0,0,0,3,2,0,0,0,1,1
org.apache.commons.codec.language,Metaphone,isPreviousChar,4,3,4,4,9.0,6.0,23.264662506490403,1.0,23.264662506490403,0.007754887502163467,0,3,6,2,2,0,0,0,1,5
org.apache.commons.codec.language,Metaphone,isNextChar,4,3,4,4,12.0,8.0,36.0,2.0,72.0,0.012,0,4,8,2,2,0,0,0,1,5
org.apache.commons.codec.language,Metaphone,regionMatch,3,3,5,5,18.0,9.0,57.058650025961626,6.0,342.3519001557697,0.019019550008653876,0,6,12,3,4,0,0,0,1,6
org.apache.commons.codec.language,Metaphone,isLastChar,2,2,2,2,3.0,3.0,4.754887502163469,0.0,0.0,0.0015849625007211565,0,1,2,1,0,0,0,0,1,1
org.apache.commons.codec.language,Metaphone,encode,2,1,1,2,1.0,1.0,0.0,0.0,0.0,0.0,1,1,0,4,1,1,1,1,1,3
org.apache.commons.codec.language,Metaphone,encode,1,1,1,2,0.0,0.0,0.0,0.0,0.0,0.0,0,0,0,2,0,1,0,0,1,1
org.apache.commons.codec.language,Metaphone,isMetaphoneEqual,1,2,2,3,0.0,0.0,0.0,0.0,0.0,0.0,0,0,0,2,1,1,0,0,1,1
org.apache.commons.codec.language,Metaphone,getMaxCodeLen,1,0,0,1,0.0,0.0,0.0,0.0,0.0,0.0,0,0,0,1,0,0,0,0,1,1
org.apache.commons.codec.language,Metaphone,setMaxCodeLen,1,1,1,2,0.0,0.0,0.0,0.0,0.0,0.0,0,0,0,1,0,0,0,0,1,1
org.apache.commons.codec.language,Soundex,Soundex,1,0,0,1,0.0,0.0,0.0,0.0,0.0,0.0,0,0,0,2,1,0,0,0,1,4
org.apache.commons.codec.language,Soundex,Soundex,1,1,1,2,0.0,0.0,0.0,0.0,0.0,0.0,0,0,0,3,2,0,0,0,1,5
org.apache.commons.codec.language,Soundex,Soundex,1,1,1,2,0.0,0.0,0.0,0.0,0.0,0.0,0,0,0,3,2,0,0,0,1,4
org.apache.commons.codec.language,Soundex,difference,1,2,2,3,0.0,0.0,0.0,0.0,0.0,0.0,0,0,0,3,1,0,1,1,1,1
org.apache.commons.codec.language,Soundex,encode,2,1,1,2,1.0,1.0,0.0,0.0,0.0,0.0,1,1,0,4,1,1,1,1,1,3
org.apache.commons.codec.language,Soundex,encode,1,1,1,2,0.0,0.0,0.0,0.0,0.0,0.0,0,0,0,2,0,1,0,0,1,1
org.apache.commons.codec.language,Soundex,getMaxLength,1,0,0,1,0.0,0.0,0.0,0.0,0.0,0.0,0,0,0,2,0,0,0,0,2,1
org.apache.commons.codec.language,Soundex,getSoundexMapping,1,0,0,1,0.0,0.0,0.0,0.0,0.0,0.0,0,0,0,1,0,0,0,0,1,1
org.apache.commons.codec.language,Soundex,map,3,1,2,3,6.0,5.0,13.931568569324174,1.0,13.931568569324174,0.004643856189774725,0,2,4,3,5,1,1,0,1,4
org.apache.commons.codec.language,Soundex,setMaxLength,1,1,1,2,0.0,0.0,0.0,0.0,0.0,0.0,0,0,0,2,0,0,0,0,2,2
org.apache.commons.codec.language,Soundex,soundex,6,1,6,7,46.0,13.0,170.22022703449025,16.0,2723.523632551844,0.056740075678163415,0,16,30,3,4,1,0,0,1,17
org.apache.commons.codec.language,Caverphone1,Caverphone1,1,0,0,1,0.0,0.0,0.0,0.0,0.0,0.0,0,0,0,2,1,0,0,0,1,1
org.apache.commons.codec.language,Caverphone1,encode,3,1,2,2,171.0,5.0,397.04970422573894,784.0,311286.9681129793,0.13234990140857963,0,57,114,4,7,0,0,0,1,60
org.apache.commons.codec.language,AbstractCaverphone,AbstractCaverphone,1,0,0,1,0.0,0.0,0.0,0.0,0.0,0.0,0,0,0,2,1,0,0,0,1,2
org.apache.commons.codec.language,AbstractCaverphone,encode,2,1,1,2,1.0,1.0,0.0,0.0,0.0,0.0,1,1,0,4,1,1,1,1,1,3
org.apache.commons.codec.language,AbstractCaverphone,isEncodeEqual,1,2,2,3,0.0,0.0,0.0,0.0,0.0,0.0,0,0,0,2,1,1,1,1,1,1
org.apache.commons.codec.language,Caverphone,Caverphone,1,0,0,1,0.0,0.0,0.0,0.0,0.0,0.0,0,0,0,3,2,0,0,0,1,3
org.apache.commons.codec.language,Caverphone,caverphone,1,1,1,2,0.0,0.0,0.0,0.0,0.0,0.0,0,0,0,3,1,0,0,0,1,1
org.apache.commons.codec.language,Caverphone,encode,2,1,1,2,1.0,1.0,0.0,0.0,0.0,0.0,1,1,0,4,1,1,1,1,1,3
org.apache.commons.codec.language,Caverphone,encode,1,1,1,2,0.0,0.0,0.0,0.0,0.0,0.0,0,0,0,2,0,1,0,0,1,1
org.apache.commons.codec.language,Caverphone,isCaverphoneEqual,1,2,2,3,0.0,0.0,0.0,0.0,0.0,0.0,0,0,0,2,1,1,0,0,1,1
org.apache.commons.codec.language,Caverphone2,Caverphone2,1,0,0,1,0.0,0.0,0.0,0.0,0.0,0.0,0,0,0,2,1,0,0,0,1,1
org.apache.commons.codec.language,Caverphone2,encode,3,1,2,2,180.0,5.0,417.9470570797252,900.0,376152.3513717527,0.13931568569324174,0,60,120,4,7,0,0,0,1,63
org.apache.commons.codec.language,MatchRatingApproachEncoder,MatchRatingApproachEncoder,1,0,0,1,0.0,0.0,0.0,0.0,0.0,0.0,0,0,0,2,1,0,0,0,1,1
org.apache.commons.codec.language,MatchRatingApproachEncoder,cleanName,2,1,4,8,44.0,14.0,167.52361657053456,14.0,2345.3306319874837,0.05584120552351152,0,15,29,3,2,1,0,0,0,7
org.apache.commons.codec.language,MatchRatingApproachEncoder,encode,2,1,1,2,1.0,1.0,0.0,0.0,0.0,0.0,1,1,0,4,1,1,1,1,2,3
org.apache.commons.codec.language,MatchRatingApproachEncoder,encode,3,1,1,2,12.0,6.0,31.019550008653873,2.0,62.039100017307746,0.010339850002884624,0,4,8,2,2,4,0,0,2,7
org.apache.commons.codec.language,MatchRatingApproachEncoder,getFirst3Last3,2,1,4,4,12.0,8.0,36.0,2.0,72.0,0.012,0,4,8,3,5,0,0,0,0,6
org.apache.commons.codec.language,MatchRatingApproachEncoder,getMinRating,5,1,2,2,18.0,8.0,54.0,3.0,162.0,0.018,0,6,12,1,0,0,0,0,0,11
org.apache.commons.codec.language,MatchRatingApproachEncoder,isEncodeEquals,10,2,5,6,42.0,22.0,187.29612798276648,7.0,1311.0728958793654,0.06243204266092216,0,14,28,3,3,6,0,0,1,23
org.apache.commons.codec.language,MatchRatingApproachEncoder,isVowel,4,1,1,1,0.0,0.0,0.0,0.0,0.0,0.0,0,0,0,2,1,0,0,0,0,2
org.apache.commons.codec.language,MatchRatingApproachEncoder,leftToRightThenRightToLeftProcessing,6,2,13,12,101.0,23.0,456.8797575617583,51.0,23300.867635649673,0.1522932525205861,0,34,67,3,7,0,0,0,0,26
org.apache.commons.codec.language,MatchRatingApproachEncoder,removeAccents,4,1,6,6,17.0,12.0,60.94436251225966,3.0,182.83308753677898,0.020314787504086555,0,6,11,3,6,0,0,0,0,11
org.apache.commons.codec.language,MatchRatingApproachEncoder,removeDoubleConsonants,3,1,4,7,23.0,12.0,82.4541375165866,4.0,329.8165500663464,0.027484712505528867,0,8,15,2,4,0,0,0,0,6
org.apache.commons.codec.language,MatchRatingApproachEncoder,removeVowels,2,1,2,3,21.0,5.0,48.760489992634604,9.0,438.8444099337114,0.016253496664211536,0,7,14,3,5,1,0,0,0,10
org.apache.commons.codec.language,Nysiis,isVowel,3,1,1,1,0.0,0.0,0.0,0.0,0.0,0.0,0,0,0,0,0,0,0,0,2,1
org.apache.commons.codec.language,Nysiis,transcodeRemaining,13,4,4,4,9.0,1.0,0.0,0.0,0.0,0.0,0,3,6,1,0,1,0,0,2,23
org.apache.commons.codec.language,Nysiis,Nysiis,1,0,0,1,0.0,0.0,0.0,0.0,0.0,0.0,0,0,0,1,0,1,0,0,1,2
org.apache.commons.codec.language,Nysiis,Nysiis,1,1,1,2,0.0,0.0,0.0,0.0,0.0,0.0,0,0,0,2,1,0,0,0,1,3
org.apache.commons.codec.language,Nysiis,encode,2,1,1,2,1.0,1.0,0.0,0.0,0.0,0.0,1,1,0,4,1,1,1,1,1,3
org.apache.commons.codec.language,Nysiis,encode,1,1,1,2,0.0,0.0,0.0,0.0,0.0,0.0,0,0,0,2,0,1,0,0,1,1
org.apache.commons.codec.language,Nysiis,isStrict,1,0,0,1,0.0,0.0,0.0,0.0,0.0,0.0,0,0,0,1,0,0,0,0,1,1
org.apache.commons.codec.language,Nysiis,nysiis,13,1,11,9,95.0,21.0,417.2701551639823,48.0,20028.96744787115,0.13909005172132743,0,32,63,8,15,2,0,0,1,36
org.apache.commons.codec.language,ColognePhonetic$CologneBuffer,ColognePhonetic$CologneBuffer,1,2,1,3,0.0,0.0,0.0,0.0,0.0,0.0,0,0,0,2,1,0,0,0,1,5
org.apache.commons.codec.language,ColognePhonetic$CologneBuffer,ColognePhonetic$CologneBuffer,1,2,1,3,0.0,0.0,0.0,0.0,0.0,0.0,0,0,0,2,1,0,0,0,1,5
org.apache.commons.codec.language,ColognePhonetic$CologneBuffer,copyData,2,2,0,0,0.0,0.0,0.0,0.0,0.0,0.0,0,0,0,0,0,0,0,0,2,0
org.apache.commons.codec.language,ColognePhonetic$CologneBuffer,length,1,0,0,1,0.0,0.0,0.0,0.0,0.0,0.0,0,0,0,1,0,0,0,0,1,1
org.apache.commons.codec.language,ColognePhonetic$CologneBuffer,toString,1,0,0,1,0.0,0.0,0.0,0.0,0.0,0.0,0,0,0,2,1,1,0,0,1,1
org.apache.commons.codec.language,ColognePhonetic$CologneOutputBuffer,ColognePhonetic$CologneOutputBuffer,1,2,1,3,0.0,0.0,0.0,0.0,0.0,0.0,0,0,0,2,1,0,0,0,1,3
org.apache.commons.codec.language,ColognePhonetic$CologneOutputBuffer,addRight,1,1,1,2,6.0,4.0,12.0,2.0,24.0,0.004,0,2,4,1,0,0,0,0,1,3
org.apache.commons.codec.language,ColognePhonetic$CologneOutputBuffer,copyData,1,2,3,4,3.0,3.0,4.754887502163469,0.0,0.0,0.0015849625007211565,0,1,2,2,1,0,0,0,1,3
org.apache.commons.codec.language,ColognePhonetic$CologneInputBuffer,ColognePhonetic$CologneInputBuffer,1,2,1,3,0.0,0.0,0.0,0.0,0.0,0.0,0,0,0,2,1,0,0,0,1,3
org.apache.commons.codec.language,ColognePhonetic$CologneInputBuffer,addLeft,1,1,1,2,6.0,4.0,12.0,2.0,24.0,0.004,0,2,4,1,0,1,0,0,1,3
org.apache.commons.codec.language,ColognePhonetic$CologneInputBuffer,copyData,1,2,3,4,9.0,7.0,25.26619429851844,1.0,25.26619429851844,0.008422064766172813,0,3,6,2,1,0,0,0,1,3
org.apache.commons.codec.language,ColognePhonetic$CologneInputBuffer,getNextChar,1,0,0,1,0.0,0.0,0.0,0.0,0.0,0.0,0,0,0,1,0,1,0,0,1,1
org.apache.commons.codec.language,ColognePhonetic$CologneInputBuffer,getNextPos,1,0,0,1,3.0,2.0,3.0,0.0,0.0,0.001,0,1,2,1,0,0,0,0,1,1
org.apache.commons.codec.language,ColognePhonetic$CologneInputBuffer,removeNext,1,0,1,2,6.0,6.0,15.509775004326936,1.0,15.509775004326936,0.005169925001442312,0,2,4,1,0,1,0,0,1,3
org.apache.commons.codec.language,ColognePhonetic,ColognePhonetic,1,0,0,1,0.0,0.0,0.0,0.0,0.0,0.0,0,0,0,2,1,0,0,0,1,1
org.apache.commons.codec.language,ColognePhonetic,arrayContains,3,2,3,6,14.0,8.0,42.0,2.0,84.0,0.014,0,5,9,0,0,0,0,0,2,4
org.apache.commons.codec.language,ColognePhonetic,colognePhonetic,33,1,26,10,92.0,30.0,451.4339347959837,30.0,13543.01804387951,0.1504779782653279,0,31,61,4,10,2,0,0,1,55
org.apache.commons.codec.language,ColognePhonetic,encode,2,1,1,2,1.0,1.0,0.0,0.0,0.0,0.0,1,1,0,6,6,1,1,1,1,5
org.apache.commons.codec.language,ColognePhonetic,encode,1,1,1,2,0.0,0.0,0.0,0.0,0.0,0.0,0,0,0,2,0,1,0,0,1,1
org.apache.commons.codec.language,ColognePhonetic,isEncodeEqual,1,2,2,3,0.0,0.0,0.0,0.0,0.0,0.0,0,0,0,2,1,1,0,0,1,1
org.apache.commons.codec.language,ColognePhonetic,preprocess,5,1,4,7,28.0,12.0,100.37895002019238,5.0,501.8947501009619,0.03345965000673079,0,10,18,3,3,0,0,0,1,9
org.apache.commons.codec.language,DoubleMetaphone$DoubleMetaphoneResult,DoubleMetaphone$DoubleMetaphoneResult,1,2,2,3,0.0,0.0,0.0,0.0,0.0,0.0,0,0,0,4,3,0,0,0,1,5
org.apache.commons.codec.language,DoubleMetaphone$DoubleMetaphoneResult,append,1,1,1,2,0.0,0.0,0.0,0.0,0.0,0.0,0,0,0,1,0,2,0,0,1,3
org.apache.commons.codec.language,DoubleMetaphone$DoubleMetaphoneResult,append,1,2,2,3,0.0,0.0,0.0,0.0,0.0,0.0,0,0,0,1,0,2,0,0,1,3
org.apache.commons.codec.language,DoubleMetaphone$DoubleMetaphoneResult,appendPrimary,2,1,1,2,0.0,0.0,0.0,0.0,0.0,0.0,0,0,0,2,2,0,0,0,1,3
org.apache.commons.codec.language,DoubleMetaphone$DoubleMetaphoneResult,appendAlternate,2,1,1,2,0.0,0.0,0.0,0.0,0.0,0.0,0,0,0,2,2,0,0,0,1,3
org.apache.commons.codec.language,DoubleMetaphone$DoubleMetaphoneResult,append,1,1,1,2,0.0,0.0,0.0,0.0,0.0,0.0,0,0,0,2,0,2,0,0,1,3
org.apache.commons.codec.language,DoubleMetaphone$DoubleMetaphoneResult,append,1,2,2,3,0.0,0.0,0.0,0.0,0.0,0.0,0,0,0,2,0,2,0,0,1,3
org.apache.commons.codec.language,DoubleMetaphone$DoubleMetaphoneResult,appendPrimary,2,1,2,3,6.0,5.0,13.931568569324174,1.0,13.931568569324174,0.004643856189774725,0,2,4,3,4,0,0,0,1,5
org.apache.commons.codec.language,DoubleMetaphone$DoubleMetaphoneResult,appendAlternate,2,1,2,3,6.0,5.0,13.931568569324174,1.0,13.931568569324174,0.004643856189774725,0,2,4,3,4,0,0,0,1,5
org.apache.commons.codec.language,DoubleMetaphone$DoubleMetaphoneResult,getPrimary,1,0,0,1,0.0,0.0,0.0,0.0,0.0,0.0,0,0,0,2,1,0,0,0,1,1
org.apache.commons.codec.language,DoubleMetaphone$DoubleMetaphoneResult,getAlternate,1,0,0,1,0.0,0.0,0.0,0.0,0.0,0.0,0,0,0,2,1,0,0,0,1,1
org.apache.commons.codec.language,DoubleMetaphone$DoubleMetaphoneResult,isComplete,3,0,0,1,0.0,0.0,0.0,0.0,0.0,0.0,0,0,0,2,1,0,0,0,1,2
org.apache.commons.codec.language,DoubleMetaphone,DoubleMetaphone,1,0,0,1,0.0,0.0,0.0,0.0,0.0,0.0,0,0,0,2,1,0,0,0,1,3
org.apache.commons.codec.language,DoubleMetaphone,doubleMetaphone,1,1,1,2,0.0,0.0,0.0,0.0,0.0,0.0,0,0,0,2,0,1,0,0,1,1
org.apache.commons.codec.language,DoubleMetaphone,doubleMetaphone,12,2,5,6,144.0,12.0,516.2346001038466,264.0,136285.9344274155,0.17207820003461552,0,49,95,3,7,20,0,0,1,66
org.apache.commons.codec.language,DoubleMetaphone,encode,2,1,1,2,1.0,1.0,0.0,0.0,0.0,0.0,1,1,0,4,1,1,1,1,1,3
org.apache.commons.codec.language,DoubleMetaphone,encode,1,1,1,2,0.0,0.0,0.0,0.0,0.0,0.0,0,0,0,2,0,1,0,0,1,1
org.apache.commons.codec.language,DoubleMetaphone,isDoubleMetaphoneEqual,1,2,2,3,0.0,0.0,0.0,0.0,0.0,0.0,0,0,0,2,0,1,0,0,1,1
org.apache.commons.codec.language,DoubleMetaphone,isDoubleMetaphoneEqual,1,3,3,4,0.0,0.0,0.0,0.0,0.0,0.0,0,0,0,3,1,1,0,0,1,1
org.apache.commons.codec.language,DoubleMetaphone,getMaxCodeLen,1,0,0,1,0.0,0.0,0.0,0.0,0.0,0.0,0,0,0,1,0,0,0,0,1,1
org.apache.commons.codec.language,DoubleMetaphone,setMaxCodeLen,1,1,1,2,0.0,0.0,0.0,0.0,0.0,0.0,0,0,0,1,0,0,0,0,1,2
org.apache.commons.codec.language,DoubleMetaphone,handleAEIOUY,2,2,2,2,3.0,3.0,4.754887502163469,0.0,0.0,0.0015849625007211565,0,1,2,2,1,0,0,0,1,3
org.apache.commons.codec.language,DoubleMetaphone,handleC,16,3,3,4,89.0,7.0,249.85458806312678,285.0,71208.55759799114,0.08328486268770893,0,30,59,3,2,5,0,0,1,34
org.apache.commons.codec.language,DoubleMetaphone,handleCC,6,3,3,4,30.0,6.0,77.54887502163469,30.0,2326.4662506490404,0.025849625007211562,0,10,20,3,2,2,0,0,1,10
org.apache.commons.codec.language,DoubleMetaphone,handleCH,6,3,3,4,18.0,4.0,36.0,18.0,648.0,0.012,0,6,12,3,2,3,0,0,1,15
org.apache.commons.codec.language,DoubleMetaphone,handleD,4,3,3,3,23.0,5.0,53.40434618240933,28.0,1495.3216931074612,0.017801448727469776,0,8,15,3,2,1,0,0,1,12
org.apache.commons.codec.language,DoubleMetaphone,handleG,22,4,4,5,119.0,7.0,334.0752357248549,520.0,173719.12257692456,0.11135841190828497,0,40,79,3,4,4,0,0,1,41
org.apache.commons.codec.language,DoubleMetaphone,handleGH,13,3,3,4,63.0,8.0,189.0,80.0,15120.0,0.063,0,21,42,3,1,3,0,0,1,19
org.apache.commons.codec.language,DoubleMetaphone,handleH,4,3,3,4,8.0,5.0,18.575424759098897,2.0,37.150849518197795,0.006191808253032966,0,3,5,3,1,2,0,0,1,6
org.apache.commons.codec.language,DoubleMetaphone,handleJ,15,4,4,5,49.0,8.0,147.0,64.0,9408.0,0.049,0,17,32,3,3,3,0,0,1,20
org.apache.commons.codec.language,DoubleMetaphone,handleL,3,3,3,4,5.0,4.0,10.0,1.0,10.0,0.0033333333333333335,0,2,3,3,2,2,0,0,1,8
org.apache.commons.codec.language,DoubleMetaphone,handleP,3,3,3,4,21.0,5.0,48.760489992634604,12.0,585.1258799116152,0.016253496664211536,0,7,14,3,1,2,0,0,1,6
org.apache.commons.codec.language,DoubleMetaphone,handleR,5,4,4,5,27.0,8.0,81.0,12.0,972.0,0.027,0,9,18,3,3,2,0,0,1,6
org.apache.commons.codec.language,DoubleMetaphone,handleS,15,4,4,5,115.0,8.0,345.0,361.0,124545.0,0.115,0,39,76,3,4,2,0,0,1,26
org.apache.commons.codec.language,DoubleMetaphone,handleSC,6,3,3,4,48.0,5.0,111.45254855459339,80.0,8916.20388436747,0.0371508495181978,0,16,32,3,4,3,0,0,1,12
org.apache.commons.codec.language,DoubleMetaphone,handleT,9,3,3,3,51.0,5.0,118.41833283925547,88.0,10420.81328985448,0.03947277761308516,0,17,34,3,2,1,0,0,1,16
org.apache.commons.codec.language,DoubleMetaphone,handleW,11,3,3,4,48.0,7.0,134.753036258765,80.0,10780.2429007012,0.04491767875292167,0,17,31,3,5,3,0,0,1,19
org.apache.commons.codec.language,DoubleMetaphone,handleX,6,3,3,3,41.0,9.0,129.9669250591348,35.0,4548.842377069718,0.04332230835304494,0,14,27,3,3,1,0,0,1,9
org.apache.commons.codec.language,DoubleMetaphone,handleZ,6,4,4,5,30.0,6.0,77.54887502163469,30.0,2326.4662506490404,0.025849625007211562,0,10,20,3,2,2,0,0,1,9
org.apache.commons.codec.language,DoubleMetaphone,conditionC0,8,2,3,4,27.0,7.0,75.79858289555531,16.0,1212.777326328885,0.025266194298518438,0,9,18,2,0,3,0,0,1,11
org.apache.commons.codec.language,DoubleMetaphone,conditionCH0,5,2,2,2,27.0,4.0,54.0,36.0,1944.0,0.018,0,9,18,2,0,1,0,0,1,8
org.apache.commons.codec.language,DoubleMetaphone,conditionCH1,8,2,2,2,54.0,7.0,151.59716579111063,81.0,12279.370429079961,0.050532388597036876,0,18,36,2,1,1,0,0,1,5
org.apache.commons.codec.language,DoubleMetaphone,conditionL0,6,2,2,2,39.0,8.0,117.0,24.0,2808.0,0.039,0,13,26,2,1,1,0,0,1,8
org.apache.commons.codec.language,DoubleMetaphone,conditionM0,5,2,2,3,21.0,7.0,58.95445336320969,9.0,530.5900802688872,0.01965148445440323,0,7,14,2,1,2,0,0,1,4
org.apache.commons.codec.language,DoubleMetaphone,isSlavoGermanic,4,1,1,1,0.0,0.0,0.0,0.0,0.0,0.0,0,0,0,2,2,0,0,0,1,2
org.apache.commons.codec.language,DoubleMetaphone,isVowel,2,1,1,1,0.0,0.0,0.0,0.0,0.0,0.0,0,0,0,2,1,0,0,0,1,1
org.apache.commons.codec.language,DoubleMetaphone,isSilentStart,3,1,3,6,20.0,9.0,63.39850002884625,3.0,190.19550008653874,0.02113283334294875,0,7,13,2,1,0,0,0,1,6
org.apache.commons.codec.language,DoubleMetaphone,cleanInput,3,1,1,1,3.0,3.0,4.754887502163469,0.0,0.0,0.0015849625007211565,0,1,2,3,3,0,0,0,1,6
org.apache.commons.codec.language,DoubleMetaphone,charAt,3,2,2,2,0.0,0.0,0.0,0.0,0.0,0.0,0,0,0,2,2,0,0,0,1,3
org.apache.commons.codec.language,DoubleMetaphone,contains,4,4,7,10,29.0,14.0,110.41329273967051,5.0,552.0664636983525,0.0368044309132235,0,10,19,1,3,0,0,0,3,8
org.apache.commons.codec.language,RefinedSoundex,RefinedSoundex,1,0,0,1,0.0,0.0,0.0,0.0,0.0,0.0,0,0,0,2,1,0,0,0,1,3
org.apache.commons.codec.language,RefinedSoundex,RefinedSoundex,1,1,1,2,0.0,0.0,0.0,0.0,0.0,0.0,0,0,0,3,2,0,0,0,1,4
org.apache.commons.codec.language,RefinedSoundex,RefinedSoundex,1,1,1,2,0.0,0.0,0.0,0.0,0.0,0.0,0,0,0,3,2,0,0,0,1,3
org.apache.commons.codec.language,RefinedSoundex,difference,1,2,2,3,0.0,0.0,0.0,0.0,0.0,0.0,0,0,0,3,1,0,1,1,1,1
org.apache.commons.codec.language,RefinedSoundex,encode,2,1,1,2,1.0,1.0,0.0,0.0,0.0,0.0,1,1,0,4,1,1,1,1,1,3
org.apache.commons.codec.language,RefinedSoundex,encode,1,1,1,2,0.0,0.0,0.0,0.0,0.0,0.0,0,0,0,2,0,1,0,0,1,1
org.apache.commons.codec.language,RefinedSoundex,getMappingCode,2,1,1,2,3.0,3.0,4.754887502163469,0.0,0.0,0.0015849625007211565,0,1,2,2,2,0,0,0,0,3
org.apache.commons.codec.language,RefinedSoundex,soundex,6,1,5,6,20.0,12.0,71.69925001442313,3.0,215.0977500432694,0.02389975000480771,0,7,13,4,6,1,0,0,1,16
org.apache.commons.codec.language,SoundexUtils,SoundexUtils,1,0,0,1,0.0,0.0,0.0,0.0,0.0,0.0,0,0,0,2,1,0,0,0,0,1
org.apache.commons.codec.language,SoundexUtils,clean,6,1,5,5,19.0,8.0,57.0,6.0,342.0,0.019,0,7,12,3,5,0,0,0,1,11
org.apache.commons.codec.language,SoundexUtils,difference,1,3,3,3,0.0,0.0,0.0,0.0,0.0,0.0,0,0,0,3,1,1,1,1,1,1
org.apache.commons.codec.language,SoundexUtils,differenceEncoded,5,2,5,5,13.0,7.0,36.49561398674886,2.0,72.99122797349771,0.012165204662249619,0,5,8,2,3,0,0,0,1,8
org.apache.commons.codec.language,DaitchMokotoffSoundex$Branch,DaitchMokotoffSoundex$Branch,1,0,0,1,0.0,0.0,0.0,0.0,0.0,0.0,0,0,0,3,2,0,0,0,1,5
org.apache.commons.codec.language,DaitchMokotoffSoundex$Branch,createBranch,1,0,1,2,3.0,3.0,4.754887502163469,0.0,0.0,0.0015849625007211565,0,1,2,2,1,2,0,0,1,4
org.apache.commons.codec.language,DaitchMokotoffSoundex$Branch,equals,3,1,1,2,1.0,1.0,0.0,0.0,0.0,0.0,1,1,0,3,1,1,0,0,1,5
org.apache.commons.codec.language,DaitchMokotoffSoundex$Branch,finish,2,0,0,1,0.0,0.0,0.0,0.0,0.0,0.0,0,0,0,2,2,0,0,0,1,4
org.apache.commons.codec.language,DaitchMokotoffSoundex$Branch,hashCode,1,0,0,1,0.0,0.0,0.0,0.0,0.0,0.0,0,0,0,2,1,1,0,0,1,1
org.apache.commons.codec.language,DaitchMokotoffSoundex$Branch,processNextReplacement,5,2,3,4,3.0,2.0,3.0,0.0,0.0,0.001,0,1,2,3,4,0,0,0,1,8
org.apache.commons.codec.language,DaitchMokotoffSoundex$Branch,toString,2,0,0,1,0.0,0.0,0.0,0.0,0.0,0.0,0,0,0,2,1,0,0,0,1,3
org.apache.commons.codec.language,DaitchMokotoffSoundex$Branch,DaitchMokotoffSoundex$Branch,1,1,1,1,0.0,0.0,0.0,0.0,0.0,0.0,0,0,0,2,0,1,0,0,1,1
org.apache.commons.codec.language,DaitchMokotoffSoundex$Rule,DaitchMokotoffSoundex$Rule,1,4,4,5,0.0,0.0,0.0,0.0,0.0,0.0,0,0,0,3,2,0,0,0,1,6
org.apache.commons.codec.language,DaitchMokotoffSoundex$Rule,getPatternLength,1,0,0,1,0.0,0.0,0.0,0.0,0.0,0.0,0,0,0,2,1,0,0,0,1,1
org.apache.commons.codec.language,DaitchMokotoffSoundex$Rule,getReplacements,4,2,4,5,6.0,4.0,12.0,1.0,12.0,0.004,0,2,4,2,2,2,0,0,1,7
org.apache.commons.codec.language,DaitchMokotoffSoundex$Rule,isVowel,3,1,1,1,0.0,0.0,0.0,0.0,0.0,0.0,0,0,0,1,0,0,0,0,1,1
org.apache.commons.codec.language,DaitchMokotoffSoundex$Rule,matches,1,1,1,2,0.0,0.0,0.0,0.0,0.0,0.0,0,0,0,2,1,0,0,0,1,1
org.apache.commons.codec.language,DaitchMokotoffSoundex$Rule,toString,1,0,0,1,12.0,1.0,0.0,0.0,0.0,0.0,0,4,8,4,2,0,0,0,1,2
org.apache.commons.codec.language,DaitchMokotoffSoundex$Rule,access$000,1,1,1,1,0.0,0.0,0.0,0.0,0.0,0.0,0,0,0,1,0,0,0,0,2,1
org.apache.commons.codec.language,DaitchMokotoffSoundex$1,DaitchMokotoffSoundex$1,1,0,0,1,0.0,0.0,0.0,0.0,0.0,0.0,0,0,0,2,1,0,0,0,0,1
org.apache.commons.codec.language,DaitchMokotoffSoundex$1,compare,1,2,2,2,3.0,3.0,4.754887502163469,0.0,0.0,0.0015849625007211565,0,1,2,2,1,0,0,0,1,1
org.apache.commons.codec.language,DaitchMokotoffSoundex$1,compare,1,2,0,3,0.0,0.0,0.0,0.0,0.0,0.0,2,0,0,2,0,1,0,0,3,1
org.apache.commons.codec.language,DaitchMokotoffSoundex,parseRules,13,4,21,17,68.0,30.0,333.66856050137926,11.0,3670.354165515172,0.11122285350045975,1,23,45,11,24,1,2,0,2,46
org.apache.commons.codec.language,DaitchMokotoffSoundex,stripQuotes,3,1,1,1,9.0,6.0,23.264662506490403,1.0,23.264662506490403,0.007754887502163467,0,3,6,1,5,0,0,0,2,5
org.apache.commons.codec.language,DaitchMokotoffSoundex,DaitchMokotoffSoundex,1,0,0,1,0.0,0.0,0.0,0.0,0.0,0.0,0,0,0,1,0,1,0,0,1,2
org.apache.commons.codec.language,DaitchMokotoffSoundex,DaitchMokotoffSoundex,1,1,1,2,0.0,0.0,0.0,0.0,0.0,0.0,0,0,0,2,1,0,0,0,1,3
org.apache.commons.codec.language,DaitchMokotoffSoundex,cleanup,4,1,3,7,23.0,12.0,82.4541375165866,4.0,329.8165500663464,0.027484712505528867,1,8,15,5,10,0,0,0,1,9
org.apache.commons.codec.language,DaitchMokotoffSoundex,encode,2,1,1,2,1.0,1.0,0.0,0.0,0.0,0.0,1,1,0,4,1,1,1,1,1,3
org.apache.commons.codec.language,DaitchMokotoffSoundex,encode,2,1,1,2,0.0,0.0,0.0,0.0,0.0,0.0,0,0,0,2,0,1,0,0,1,3
org.apache.commons.codec.language,DaitchMokotoffSoundex,soundex,3,1,5,9,25.0,12.0,89.62406251802891,4.0,358.49625007211563,0.029874687506009637,0,9,16,3,4,1,0,0,1,8
org.apache.commons.codec.language,DaitchMokotoffSoundex,soundex,20,2,20,23,93.0,33.0,469.1286531003362,32.0,15012.116899210758,0.15637621770011206,4,32,61,12,26,1,0,0,1,43
org.apache.commons.codec,EncoderException,EncoderException,1,0,0,1,0.0,0.0,0.0,0.0,0.0,0.0,0,0,0,2,1,0,2,0,1,2
org.apache.commons.codec,EncoderException,EncoderException,1,1,1,2,0.0,0.0,0.0,0.0,0.0,0.0,0,0,0,3,1,0,2,0,1,2
org.apache.commons.codec,EncoderException,EncoderException,1,2,2,3,0.0,0.0,0.0,0.0,0.0,0.0,0,0,0,4,1,0,2,0,1,2
org.apache.commons.codec,EncoderException,EncoderException,1,1,1,2,0.0,0.0,0.0,0.0,0.0,0.0,0,0,0,3,1,0,2,0,1,2
org.apache.commons.codec.binary,StringUtils,StringUtils,1,0,0,1,0.0,0.0,0.0,0.0,0.0,0.0,0,0,0,2,1,0,0,0,1,1
org.apache.commons.codec.binary,StringUtils,equals,5,2,2,2,2.0,1.0,0.0,0.0,0.0,0.0,0,2,0,5,4,0,0,0,2,7
org.apache.commons.codec.binary,StringUtils,getBytes,2,2,2,2,0.0,0.0,0.0,0.0,0.0,0.0,0,0,0,2,1,0,0,0,2,3
org.apache.commons.codec.binary,StringUtils,getByteBuffer,2,2,2,2,0.0,0.0,0.0,0.0,0.0,0.0,0,0,0,3,2,0,0,0,2,3
org.apache.commons.codec.binary,StringUtils,getByteBufferUtf8,1,1,1,1,0.0,0.0,0.0,0.0,0.0,0.0,0,0,0,3,0,1,0,0,2,1
org.apache.commons.codec.binary,StringUtils,getBytesIso8859_1,1,1,1,1,0.0,0.0,0.0,0.0,0.0,0.0,0,0,0,3,0,1,0,0,2,1
org.apache.commons.codec.binary,StringUtils,getBytesUnchecked,2,2,3,3,3.0,2.0,3.0,0.0,0.0,0.001,0,1,2,3,1,1,1,0,2,5
org.apache.commons.codec.binary,StringUtils,getBytesUsAscii,1,1,1,1,0.0,0.0,0.0,0.0,0.0,0.0,0,0,0,3,0,1,0,0,2,1
org.apache.commons.codec.binary,StringUtils,getBytesUtf16,1,1,1,1,0.0,0.0,0.0,0.0,0.0,0.0,0,0,0,3,0,1,0,0,2,1
org.apache.commons.codec.binary,StringUtils,getBytesUtf16Be,1,1,1,1,0.0,0.0,0.0,0.0,0.0,0.0,0,0,0,3,0,1,0,0,2,1
org.apache.commons.codec.binary,StringUtils,getBytesUtf16Le,1,1,1,1,0.0,0.0,0.0,0.0,0.0,0.0,0,0,0,3,0,1,0,0,2,1
org.apache.commons.codec.binary,StringUtils,getBytesUtf8,1,1,1,1,0.0,0.0,0.0,0.0,0.0,0.0,0,0,0,3,0,1,0,0,2,1
org.apache.commons.codec.binary,StringUtils,newIllegalStateException,1,2,2,2,0.0,0.0,0.0,0.0,0.0,0.0,0,0,0,4,5,0,2,0,2,1
org.apache.commons.codec.binary,StringUtils,newString,2,2,2,2,0.0,0.0,0.0,0.0,0.0,0.0,0,0,0,2,1,0,0,0,2,1
org.apache.commons.codec.binary,StringUtils,newString,2,2,3,3,3.0,2.0,3.0,0.0,0.0,0.001,0,1,2,3,1,1,1,0,2,5
org.apache.commons.codec.binary,StringUtils,newStringIso8859_1,1,1,1,1,0.0,0.0,0.0,0.0,0.0,0.0,0,0,0,2,1,0,0,0,2,1
org.apache.commons.codec.binary,StringUtils,newStringUsAscii,1,1,1,1,0.0,0.0,0.0,0.0,0.0,0.0,0,0,0,2,1,0,0,0,2,1
org.apache.commons.codec.binary,StringUtils,newStringUtf16,1,1,1,1,0.0,0.0,0.0,0.0,0.0,0.0,0,0,0,2,1,0,0,0,2,1
org.apache.commons.codec.binary,StringUtils,newStringUtf16Be,1,1,1,1,0.0,0.0,0.0,0.0,0.0,0.0,0,0,0,2,1,0,0,0,2,1
org.apache.commons.codec.binary,StringUtils,newStringUtf16Le,1,1,1,1,0.0,0.0,0.0,0.0,0.0,0.0,0,0,0,2,1,0,0,0,2,1
org.apache.commons.codec.binary,StringUtils,newStringUtf8,1,1,1,1,0.0,0.0,0.0,0.0,0.0,0.0,0,0,0,2,0,1,0,0,2,1
org.apache.commons.codec.binary,BinaryCodec,BinaryCodec,1,0,0,1,0.0,0.0,0.0,0.0,0.0,0.0,0,0,0,2,1,0,0,0,1,1
org.apache.commons.codec.binary,BinaryCodec,encode,1,1,1,1,0.0,0.0,0.0,0.0,0.0,0.0,0,0,0,1,0,1,0,0,1,1
org.apache.commons.codec.binary,BinaryCodec,encode,2,1,1,1,1.0,1.0,0.0,0.0,0.0,0.0,2,1,0,4,1,1,1,1,1,3
org.apache.commons.codec.binary,BinaryCodec,decode,5,1,1,1,3.0,1.0,0.0,0.0,0.0,0.0,5,3,0,6,2,2,1,1,1,9
org.apache.commons.codec.binary,BinaryCodec,decode,1,1,1,1,0.0,0.0,0.0,0.0,0.0,0.0,0,0,0,1,0,1,0,0,1,1
org.apache.commons.codec.binary,BinaryCodec,toByteArray,2,1,1,1,0.0,0.0,0.0,0.0,0.0,0.0,0,0,0,2,1,1,0,0,1,3
org.apache.commons.codec.binary,BinaryCodec,fromAscii,6,1,5,5,31.0,13.0,114.71363126237385,10.0,1147.1363126237386,0.038237877087457954,0,11,20,1,0,0,0,0,2,8
org.apache.commons.codec.binary,BinaryCodec,fromAscii,5,1,5,5,31.0,13.0,114.71363126237385,10.0,1147.1363126237386,0.038237877087457954,0,11,20,1,0,1,0,0,2,8
org.apache.commons.codec.binary,BinaryCodec,isEmpty,3,1,1,1,0.0,0.0,0.0,0.0,0.0,0.0,0,0,0,0,0,0,0,0,2,1
org.apache.commons.codec.binary,BinaryCodec,toAsciiBytes,5,1,5,5,37.0,13.0,136.9162695712204,18.0,2464.4928522819673,0.04563875652374013,0,13,24,1,0,1,0,0,2,9
org.apache.commons.codec.binary,BinaryCodec,toAsciiChars,5,1,5,5,37.0,13.0,136.9162695712204,18.0,2464.4928522819673,0.04563875652374013,0,13,24,1,0,1,0,0,2,9
org.apache.commons.codec.binary,BinaryCodec,toAsciiString,1,1,1,1,0.0,0.0,0.0,0.0,0.0,0.0,0,0,0,2,1,1,0,0,2,1
org.apache.commons.codec.binary,Base32OutputStream,Base32OutputStream,1,1,1,2,0.0,0.0,0.0,0.0,0.0,0.0,0,0,0,2,0,1,0,0,1,2
org.apache.commons.codec.binary,Base32OutputStream,Base32OutputStream,1,2,2,3,0.0,0.0,0.0,0.0,0.0,0.0,0,0,0,4,2,0,0,0,1,2
org.apache.commons.codec.binary,Base32OutputStream,Base32OutputStream,1,4,4,5,0.0,0.0,0.0,0.0,0.0,0.0,0,0,0,4,2,0,0,0,1,2
org.apache.commons.codec.binary,BaseNCodec$Context,BaseNCodec$Context,1,0,0,1,0.0,0.0,0.0,0.0,0.0,0.0,0,0,0,2,1,0,0,0,0,2
org.apache.commons.codec.binary,BaseNCodec$Context,toString,1,0,0,1,27.0,1.0,0.0,0.0,0.0,0.0,0,9,18,8,7,0,0,0,1,3
org.apache.commons.codec.binary,BaseNCodec,BaseNCodec,1,4,4,5,0.0,0.0,0.0,0.0,0.0,0.0,0,0,0,1,0,1,0,0,1,2
org.apache.commons.codec.binary,BaseNCodec,BaseNCodec,3,5,6,7,9.0,6.0,23.264662506490403,2.0,46.529325012980806,0.007754887502163467,0,3,6,2,1,0,0,0,1,9
org.apache.commons.codec.binary,BaseNCodec,hasData,2,1,1,1,0.0,0.0,0.0,0.0,0.0,0.0,0,0,0,2,0,0,0,0,0,1
org.apache.commons.codec.binary,BaseNCodec,available,2,1,1,1,3.0,2.0,3.0,0.0,0.0,0.001,0,1,2,2,0,0,0,0,0,1
org.apache.commons.codec.binary,BaseNCodec,getDefaultBufferSize,1,0,0,0,0.0,0.0,0.0,0.0,0.0,0.0,0,0,0,1,0,0,0,0,1,1
org.apache.commons.codec.binary,BaseNCodec,resizeBuffer,2,1,2,3,6.0,5.0,13.931568569324174,1.0,13.931568569324174,0.004643856189774725,0,2,4,3,1,1,0,0,1,8
org.apache.commons.codec.binary,BaseNCodec,ensureBufferSize,3,2,2,3,3.0,3.0,4.754887502163469,0.0,0.0,0.0015849625007211565,0,1,2,2,0,1,0,0,1,3
org.apache.commons.codec.binary,BaseNCodec,readResults,4,4,5,6,6.0,5.0,13.931568569324174,1.0,13.931568569324174,0.004643856189774725,0,2,4,4,2,1,0,0,0,8
org.apache.commons.codec.binary,BaseNCodec,isWhiteSpace,1,1,1,1,0.0,0.0,0.0,0.0,0.0,0.0,0,0,0,0,0,0,0,0,2,3
org.apache.commons.codec.binary,BaseNCodec,encode,2,1,1,2,1.0,1.0,0.0,0.0,0.0,0.0,2,1,0,4,1,1,1,1,1,3
org.apache.commons.codec.binary,BaseNCodec,encodeToString,1,1,1,2,0.0,0.0,0.0,0.0,0.0,0.0,0,0,0,2,1,1,0,0,1,1
org.apache.commons.codec.binary,BaseNCodec,encodeAsString,1,1,1,2,0.0,0.0,0.0,0.0,0.0,0.0,0,0,0,2,1,1,0,0,1,1
org.apache.commons.codec.binary,BaseNCodec,decode,3,1,1,2,2.0,1.0,0.0,0.0,0.0,0.0,3,2,0,5,1,2,1,1,1,5
org.apache.commons.codec.binary,BaseNCodec,decode,1,1,1,2,0.0,0.0,0.0,0.0,0.0,0.0,0,0,0,3,1,1,0,0,1,1
org.apache.commons.codec.binary,BaseNCodec,decode,3,1,3,4,6.0,4.0,12.0,1.0,12.0,0.004,0,2,4,2,1,2,0,0,1,8
org.apache.commons.codec.binary,BaseNCodec,encode,3,1,3,4,9.0,5.0,20.89735285398626,2.0,41.79470570797252,0.0069657842846620865,0,3,6,2,1,2,0,0,1,8
org.apache.commons.codec.binary,BaseNCodec,encode,2,4,0,0,0.0,0.0,0.0,0.0,0.0,0.0,0,0,0,0,0,0,0,0,1,0
org.apache.commons.codec.binary,BaseNCodec,decode,2,4,0,0,0.0,0.0,0.0,0.0,0.0,0.0,0,0,0,0,0,0,0,0,1,0
org.apache.commons.codec.binary,BaseNCodec,isInAlphabet,2,1,0,0,0.0,0.0,0.0,0.0,0.0,0.0,0,0,0,0,0,0,0,0,2,0
org.apache.commons.codec.binary,BaseNCodec,isInAlphabet,5,2,3,4,5.0,4.0,10.0,1.0,10.0,0.0033333333333333335,0,2,3,1,0,2,0,0,1,5
org.apache.commons.codec.binary,BaseNCodec,isInAlphabet,1,1,1,2,0.0,0.0,0.0,0.0,0.0,0.0,0,0,0,3,1,1,0,0,1,1
org.apache.commons.codec.binary,BaseNCodec,containsAlphabetOrPad,5,1,2,6,14.0,8.0,42.0,2.0,84.0,0.014,0,5,9,1,0,1,0,0,1,6
org.apache.commons.codec.binary,BaseNCodec,getEncodedLength,2,1,2,3,33.0,10.0,109.62362713128297,20.0,2192.4725426256596,0.03654120904376099,0,11,22,1,0,0,0,0,1,4
org.apache.commons.codec.binary,BaseNCodecOutputStream,BaseNCodecOutputStream,1,3,3,4,0.0,0.0,0.0,0.0,0.0,0.0,0,0,0,5,2,0,0,0,1,6
org.apache.commons.codec.binary,BaseNCodecOutputStream,write,1,1,1,2,3.0,1.0,0.0,0.0,0.0,0.0,0,1,2,1,0,1,1,1,1,3
org.apache.commons.codec.binary,BaseNCodecOutputStream,write,8,3,3,4,3.0,3.0,4.754887502163469,0.0,0.0,0.0015849625007211565,0,1,2,4,4,1,3,1,1,12
org.apache.commons.codec.binary,BaseNCodecOutputStream,flush,4,1,4,5,9.0,6.0,23.264662506490403,1.0,23.264662506490403,0.007754887502163467,0,3,6,3,4,0,1,1,1,9
org.apache.commons.codec.binary,BaseNCodecOutputStream,flush,1,0,0,1,0.0,0.0,0.0,0.0,0.0,0.0,0,0,0,1,0,1,1,1,1,2
org.apache.commons.codec.binary,BaseNCodecOutputStream,close,1,0,0,1,0.0,0.0,0.0,0.0,0.0,0.0,0,0,0,2,1,2,1,1,1,4
org.apache.commons.codec.binary,BaseNCodecOutputStream,eof,2,0,0,1,0.0,0.0,0.0,0.0,0.0,0.0,0,0,0,2,2,0,1,1,1,4
org.apache.commons.codec.binary,Base32InputStream,Base32InputStream,1,1,1,2,0.0,0.0,0.0,0.0,0.0,0.0,0,0,0,2,0,1,0,0,1,2
org.apache.commons.codec.binary,Base32InputStream,Base32InputStream,1,2,2,3,0.0,0.0,0.0,0.0,0.0,0.0,0,0,0,4,2,0,0,0,1,2
org.apache.commons.codec.binary,Base32InputStream,Base32InputStream,1,4,4,5,0.0,0.0,0.0,0.0,0.0,0.0,0,0,0,4,2,0,0,0,1,2
org.apache.commons.codec.binary,BaseNCodecInputStream,BaseNCodecInputStream,1,3,3,4,0.0,0.0,0.0,0.0,0.0,0.0,0,0,0,5,2,0,0,0,1,6
org.apache.commons.codec.binary,BaseNCodecInputStream,available,2,0,0,1,0.0,0.0,0.0,0.0,0.0,0.0,0,0,0,2,0,0,1,1,1,1
org.apache.commons.codec.binary,BaseNCodecInputStream,mark,1,1,1,0,0.0,0.0,0.0,0.0,0.0,0.0,0,0,0,1,0,0,0,0,2,1
org.apache.commons.codec.binary,BaseNCodecInputStream,markSupported,1,0,0,0,0.0,0.0,0.0,0.0,0.0,0.0,0,0,0,1,0,0,0,0,1,1
org.apache.commons.codec.binary,BaseNCodecInputStream,read,4,0,2,3,12.0,7.0,33.68825906469125,2.0,67.3765181293825,0.011229419688230418,0,4,8,1,0,1,1,1,1,7
org.apache.commons.codec.binary,BaseNCodecInputStream,read,11,3,6,7,15.0,10.0,49.82892142331044,2.0,99.65784284662088,0.016609640474436815,0,5,10,5,7,0,3,1,1,18
org.apache.commons.codec.binary,BaseNCodecInputStream,reset,1,0,0,0,0.0,0.0,0.0,0.0,0.0,0.0,0,0,0,2,1,0,1,1,2,1
org.apache.commons.codec.binary,BaseNCodecInputStream,skip,4,1,4,5,21.0,9.0,66.56842503028857,6.0,399.4105501817314,0.022189475010096188,0,7,14,4,6,1,2,1,1,12
org.apache.commons.codec.binary,Base64,Base64,1,0,0,1,0.0,0.0,0.0,0.0,0.0,0.0,0,0,0,1,0,1,0,0,1,2
org.apache.commons.codec.binary,Base64,Base64,1,1,1,2,0.0,0.0,0.0,0.0,0.0,0.0,0,0,0,1,0,1,0,0,1,2
org.apache.commons.codec.binary,Base64,Base64,1,1,1,2,0.0,0.0,0.0,0.0,0.0,0.0,0,0,0,1,0,1,0,0,1,2
org.apache.commons.codec.binary,Base64,Base64,1,2,2,3,0.0,0.0,0.0,0.0,0.0,0.0,0,0,0,1,0,1,0,0,1,2
org.apache.commons.codec.binary,Base64,Base64,6,3,4,5,9.0,9.0,28.529325012980813,1.0,28.529325012980813,0.009509775004326938,0,3,6,7,7,1,1,0,1,17
org.apache.commons.codec.binary,Base64,isUrlSafe,2,0,0,1,0.0,0.0,0.0,0.0,0.0,0.0,0,0,0,1,0,0,0,0,1,1
org.apache.commons.codec.binary,Base64,encode,11,4,9,8,169.0,26.0,794.3743123658446,168.0,133454.8844774619,0.26479143745528155,0,57,112,5,6,1,1,0,0,44
org.apache.commons.codec.binary,Base64,decode,9,4,9,9,100.0,22.0,445.94316186372976,68.0,30324.135006733624,0.14864772062124326,0,34,66,4,5,1,1,0,0,32
org.apache.commons.codec.binary,Base64,isArrayByteBase64,1,1,1,1,0.0,0.0,0.0,0.0,0.0,0.0,0,0,0,2,0,1,0,0,3,1
org.apache.commons.codec.binary,Base64,isBase64,3,1,1,1,0.0,0.0,0.0,0.0,0.0,0.0,0,0,0,1,0,0,0,0,2,1
org.apache.commons.codec.binary,Base64,isBase64,1,1,1,1,0.0,0.0,0.0,0.0,0.0,0.0,0,0,0,3,1,1,0,0,2,1
org.apache.commons.codec.binary,Base64,isBase64,3,1,2,2,5.0,4.0,10.0,1.0,10.0,0.0033333333333333335,0,2,3,1,0,2,0,0,2,4
org.apache.commons.codec.binary,Base64,encodeBase64,1,1,1,1,0.0,0.0,0.0,0.0,0.0,0.0,0,0,0,1,0,1,0,0,2,1
org.apache.commons.codec.binary,Base64,encodeBase64String,1,1,1,1,0.0,0.0,0.0,0.0,0.0,0.0,0,0,0,2,1,1,0,0,2,1
org.apache.commons.codec.binary,Base64,encodeBase64URLSafe,1,1,1,1,0.0,0.0,0.0,0.0,0.0,0.0,0,0,0,1,0,1,0,0,2,1
org.apache.commons.codec.binary,Base64,encodeBase64URLSafeString,1,1,1,1,0.0,0.0,0.0,0.0,0.0,0.0,0,0,0,2,1,1,0,0,2,1
org.apache.commons.codec.binary,Base64,encodeBase64Chunked,1,1,1,1,0.0,0.0,0.0,0.0,0.0,0.0,0,0,0,1,0,1,0,0,2,1
org.apache.commons.codec.binary,Base64,encodeBase64,1,2,2,2,0.0,0.0,0.0,0.0,0.0,0.0,0,0,0,1,0,1,0,0,2,1
org.apache.commons.codec.binary,Base64,encodeBase64,1,3,3,3,0.0,0.0,0.0,0.0,0.0,0.0,0,0,0,1,0,1,0,0,2,1
org.apache.commons.codec.binary,Base64,encodeBase64,5,4,6,6,6.0,4.0,12.0,1.0,12.0,0.004,0,2,4,3,6,4,1,0,2,7
org.apache.commons.codec.binary,Base64,decodeBase64,1,1,1,1,0.0,0.0,0.0,0.0,0.0,0.0,0,0,0,2,0,2,0,0,2,1
org.apache.commons.codec.binary,Base64,decodeBase64,1,1,1,1,0.0,0.0,0.0,0.0,0.0,0.0,0,0,0,1,0,2,0,0,2,1
org.apache.commons.codec.binary,Base64,decodeInteger,1,1,1,1,0.0,0.0,0.0,0.0,0.0,0.0,0,0,0,2,1,1,0,0,2,1
org.apache.commons.codec.binary,Base64,encodeInteger,2,1,1,1,0.0,0.0,0.0,0.0,0.0,0.0,0,0,0,3,1,2,1,0,2,3
org.apache.commons.codec.binary,Base64,toIntegerBytes,3,1,7,7,59.0,21.0,259.14672794394687,30.0,7774.401838318407,0.08638224264798229,0,20,39,2,3,0,0,0,1,14
org.apache.commons.codec.binary,Base64,isInAlphabet,2,1,1,2,0.0,0.0,0.0,0.0,0.0,0.0,0,0,0,1,0,0,0,0,1,1
org.apache.commons.codec.binary,Base64OutputStream,Base64OutputStream,1,1,1,2,0.0,0.0,0.0,0.0,0.0,0.0,0,0,0,2,0,1,0,0,1,2
org.apache.commons.codec.binary,Base64OutputStream,Base64OutputStream,1,2,2,3,0.0,0.0,0.0,0.0,0.0,0.0,0,0,0,4,2,0,0,0,1,2
org.apache.commons.codec.binary,Base64OutputStream,Base64OutputStream,1,4,4,5,0.0,0.0,0.0,0.0,0.0,0.0,0,0,0,4,2,0,0,0,1,2
org.apache.commons.codec.binary,Base64InputStream,Base64InputStream,1,1,1,2,0.0,0.0,0.0,0.0,0.0,0.0,0,0,0,2,0,1,0,0,1,2
org.apache.commons.codec.binary,Base64InputStream,Base64InputStream,1,2,2,3,0.0,0.0,0.0,0.0,0.0,0.0,0,0,0,4,2,0,0,0,1,2
org.apache.commons.codec.binary,Base64InputStream,Base64InputStream,1,4,4,5,0.0,0.0,0.0,0.0,0.0,0.0,0,0,0,4,2,0,0,0,1,2
org.apache.commons.codec.binary,Base32,Base32,1,0,0,1,0.0,0.0,0.0,0.0,0.0,0.0,0,0,0,1,0,1,0,0,1,2
org.apache.commons.codec.binary,Base32,Base32,1,1,1,2,0.0,0.0,0.0,0.0,0.0,0.0,0,0,0,1,0,1,0,0,1,2
org.apache.commons.codec.binary,Base32,Base32,1,1,1,2,0.0,0.0,0.0,0.0,0.0,0.0,0,0,0,1,0,1,0,0,1,2
org.apache.commons.codec.binary,Base32,Base32,1,2,2,3,0.0,0.0,0.0,0.0,0.0,0.0,0,0,0,1,0,1,0,0,1,2
org.apache.commons.codec.binary,Base32,Base32,1,1,1,2,0.0,0.0,0.0,0.0,0.0,0.0,0,0,0,1,0,1,0,0,1,2
org.apache.commons.codec.binary,Base32,Base32,1,2,2,3,0.0,0.0,0.0,0.0,0.0,0.0,0,0,0,1,0,1,0,0,1,2
org.apache.commons.codec.binary,Base32,Base32,1,3,3,4,0.0,0.0,0.0,0.0,0.0,0.0,0,0,0,1,0,1,0,0,1,2
org.apache.commons.codec.binary,Base32,Base32,8,4,5,6,9.0,9.0,28.529325012980813,1.0,28.529325012980813,0.009509775004326938,0,3,6,7,8,3,1,0,1,21
org.apache.commons.codec.binary,Base32,decode,9,4,9,9,256.0,27.0,1217.251200553848,344.0,418734.41299052374,0.40575040018461606,0,86,170,4,5,1,1,0,0,50
org.apache.commons.codec.binary,Base32,encode,9,4,9,8,439.0,39.0,2320.291574080527,657.0,1524431.5641709063,0.773430524693509,0,147,292,5,6,1,1,0,0,74
org.apache.commons.codec.binary,Base32,isInAlphabet,2,1,1,2,0.0,0.0,0.0,0.0,0.0,0.0,0,0,0,1,0,0,0,0,1,1
org.apache.commons.codec.binary,CharSequenceUtils,CharSequenceUtils,1,0,0,1,0.0,0.0,0.0,0.0,0.0,0.0,0,0,0,2,1,0,0,0,1,1
org.apache.commons.codec.binary,CharSequenceUtils,regionMatches,7,6,11,11,23.0,12.0,82.4541375165866,5.0,412.27068758293296,0.027484712505528867,2,10,13,3,4,0,0,0,1,17
org.apache.commons.codec.binary,Hex,decodeHex,3,1,6,6,42.0,17.0,171.67343933251428,14.0,2403.4281506551997,0.05722447977750476,0,15,27,2,1,1,1,1,2,11
org.apache.commons.codec.binary,Hex,encodeHex,1,1,1,1,0.0,0.0,0.0,0.0,0.0,0.0,0,0,0,1,0,1,0,0,2,1
org.apache.commons.codec.binary,Hex,encodeHex,1,1,1,1,0.0,0.0,0.0,0.0,0.0,0.0,0,0,0,2,0,1,0,0,2,1
org.apache.commons.codec.binary,Hex,encodeHex,2,2,2,2,0.0,0.0,0.0,0.0,0.0,0.0,0,0,0,1,0,1,0,0,2,1
org.apache.commons.codec.binary,Hex,encodeHex,2,2,2,2,0.0,0.0,0.0,0.0,0.0,0.0,0,0,0,2,0,1,0,0,2,1
org.apache.commons.codec.binary,Hex,encodeHex,2,2,6,6,36.0,13.0,133.21582985307933,12.0,1598.589958236952,0.04440527661769311,0,13,23,0,0,0,0,0,2,6
org.apache.commons.codec.binary,Hex,encodeHex,1,2,2,2,0.0,0.0,0.0,0.0,0.0,0.0,0,0,0,2,1,1,0,0,2,1
org.apache.commons.codec.binary,Hex,encodeHexString,1,1,1,1,0.0,0.0,0.0,0.0,0.0,0.0,0,0,0,2,1,1,0,0,2,1
org.apache.commons.codec.binary,Hex,encodeHexString,1,1,1,1,0.0,0.0,0.0,0.0,0.0,0.0,0,0,0,3,1,1,0,0,2,1
org.apache.commons.codec.binary,Hex,toDigit,2,2,3,3,3.0,3.0,4.754887502163469,0.0,0.0,0.0015849625007211565,0,1,2,3,7,0,1,1,2,4
org.apache.commons.codec.binary,Hex,Hex,1,0,0,1,0.0,0.0,0.0,0.0,0.0,0.0,0,0,0,2,1,0,0,0,1,3
org.apache.commons.codec.binary,Hex,Hex,1,1,1,2,0.0,0.0,0.0,0.0,0.0,0.0,0,0,0,3,1,0,0,0,1,3
org.apache.commons.codec.binary,Hex,Hex,1,1,1,2,0.0,0.0,0.0,0.0,0.0,0.0,0,0,0,3,1,1,0,0,1,2
org.apache.commons.codec.binary,Hex,decode,1,1,1,2,0.0,0.0,0.0,0.0,0.0,0.0,0,0,0,2,2,2,1,1,1,1
org.apache.commons.codec.binary,Hex,decode,1,1,1,2,0.0,0.0,0.0,0.0,0.0,0.0,0,0,0,3,3,2,1,1,1,1
org.apache.commons.codec.binary,Hex,decode,4,1,2,3,6.0,3.0,9.509775004326938,4.0,38.03910001730775,0.003169925001442313,6,4,2,8,3,4,2,1,1,9
org.apache.commons.codec.binary,Hex,encode,1,1,1,2,0.0,0.0,0.0,0.0,0.0,0.0,0,0,0,2,1,2,0,0,1,1
org.apache.commons.codec.binary,Hex,encode,1,1,1,2,0.0,0.0,0.0,0.0,0.0,0.0,0,0,0,3,1,2,0,0,1,1
org.apache.commons.codec.binary,Hex,encode,3,1,6,4,14.0,7.0,39.302968908806456,3.0,117.90890672641936,0.01310098963626882,4,6,8,7,4,2,2,1,1,9
org.apache.commons.codec.binary,Hex,getCharset,1,0,0,1,0.0,0.0,0.0,0.0,0.0,0.0,0,0,0,1,0,0,0,0,1,1
org.apache.commons.codec.binary,Hex,getCharsetName,1,0,0,1,0.0,0.0,0.0,0.0,0.0,0.0,0,0,0,2,1,0,0,0,1,1
org.apache.commons.codec.binary,Hex,toString,1,0,0,1,0.0,0.0,0.0,0.0,0.0,0.0,0,0,0,3,5,0,0,0,1,1
org.apache.commons.codec.digest,DigestUtils,DigestUtils,1,0,0,1,0.0,0.0,0.0,0.0,0.0,0.0,0,0,0,2,1,0,0,0,1,1
org.apache.commons.codec.digest,DigestUtils,digest,1,2,2,2,0.0,0.0,0.0,0.0,0.0,0.0,0,0,0,2,2,0,0,0,2,2
org.apache.commons.codec.digest,DigestUtils,digest,1,2,2,2,0.0,0.0,0.0,0.0,0.0,0.0,0,0,0,3,1,1,1,1,2,1
org.apache.commons.codec.digest,DigestUtils,getDigest,1,1,2,2,3.0,2.0,3.0,0.0,0.0,0.001,0,1,2,4,2,0,2,0,2,3
org.apache.commons.codec.digest,DigestUtils,getMd2Digest,2,0,0,0,0.0,0.0,0.0,0.0,0.0,0.0,0,0,0,1,0,1,0,0,2,1
org.apache.commons.codec.digest,DigestUtils,getMd5Digest,2,0,0,0,0.0,0.0,0.0,0.0,0.0,0.0,0,0,0,1,0,1,0,0,2,1
org.apache.commons.codec.digest,DigestUtils,getSha1Digest,2,0,0,0,0.0,0.0,0.0,0.0,0.0,0.0,0,0,0,1,0,1,0,0,2,1
org.apache.commons.codec.digest,DigestUtils,getSha224Digest,2,0,0,0,0.0,0.0,0.0,0.0,0.0,0.0,0,0,0,1,0,1,0,0,2,1
org.apache.commons.codec.digest,DigestUtils,getSha256Digest,2,0,0,0,0.0,0.0,0.0,0.0,0.0,0.0,0,0,0,1,0,1,0,0,2,1
org.apache.commons.codec.digest,DigestUtils,getSha384Digest,2,0,0,0,0.0,0.0,0.0,0.0,0.0,0.0,0,0,0,1,0,1,0,0,2,1
org.apache.commons.codec.digest,DigestUtils,getSha512Digest,2,0,0,0,0.0,0.0,0.0,0.0,0.0,0.0,0,0,0,1,0,1,0,0,2,1
org.apache.commons.codec.digest,DigestUtils,getShaDigest,2,0,0,0,0.0,0.0,0.0,0.0,0.0,0.0,0,0,0,2,0,1,0,0,3,1
org.apache.commons.codec.digest,DigestUtils,md2,1,1,1,1,0.0,0.0,0.0,0.0,0.0,0.0,0,0,0,2,1,1,0,0,2,1
org.apache.commons.codec.digest,DigestUtils,md2,1,1,1,1,0.0,0.0,0.0,0.0,0.0,0.0,0,0,0,2,0,2,0,0,2,1
org.apache.commons.codec.digest,DigestUtils,md2,1,1,1,1,0.0,0.0,0.0,0.0,0.0,0.0,0,0,0,2,0,2,1,1,2,1
org.apache.commons.codec.digest,DigestUtils,md2,1,1,1,1,0.0,0.0,0.0,0.0,0.0,0.0,0,0,0,3,1,1,0,0,2,1
org.apache.commons.codec.digest,DigestUtils,md2Hex,1,1,1,1,0.0,0.0,0.0,0.0,0.0,0.0,0,0,0,2,1,1,0,0,2,1
org.apache.commons.codec.digest,DigestUtils,md2Hex,1,1,1,1,0.0,0.0,0.0,0.0,0.0,0.0,0,0,0,3,1,1,0,0,2,1
org.apache.commons.codec.digest,DigestUtils,md2Hex,1,1,1,1,0.0,0.0,0.0,0.0,0.0,0.0,0,0,0,3,1,1,1,1,2,1
org.apache.commons.codec.digest,DigestUtils,md2Hex,1,1,1,1,0.0,0.0,0.0,0.0,0.0,0.0,0,0,0,3,1,1,0,0,2,1
org.apache.commons.codec.digest,DigestUtils,md5,1,1,1,1,0.0,0.0,0.0,0.0,0.0,0.0,0,0,0,2,1,1,0,0,2,1
org.apache.commons.codec.digest,DigestUtils,md5,1,1,1,1,0.0,0.0,0.0,0.0,0.0,0.0,0,0,0,2,0,2,0,0,2,1
org.apache.commons.codec.digest,DigestUtils,md5,1,1,1,1,0.0,0.0,0.0,0.0,0.0,0.0,0,0,0,2,0,2,1,1,2,1
org.apache.commons.codec.digest,DigestUtils,md5,1,1,1,1,0.0,0.0,0.0,0.0,0.0,0.0,0,0,0,3,1,1,0,0,2,1
org.apache.commons.codec.digest,DigestUtils,md5Hex,1,1,1,1,0.0,0.0,0.0,0.0,0.0,0.0,0,0,0,2,1,1,0,0,2,1
org.apache.commons.codec.digest,DigestUtils,md5Hex,1,1,1,1,0.0,0.0,0.0,0.0,0.0,0.0,0,0,0,3,1,1,0,0,2,1
org.apache.commons.codec.digest,DigestUtils,md5Hex,1,1,1,1,0.0,0.0,0.0,0.0,0.0,0.0,0,0,0,3,1,1,1,1,2,1
org.apache.commons.codec.digest,DigestUtils,md5Hex,1,1,1,1,0.0,0.0,0.0,0.0,0.0,0.0,0,0,0,3,1,1,0,0,2,1
org.apache.commons.codec.digest,DigestUtils,sha,1,1,1,1,0.0,0.0,0.0,0.0,0.0,0.0,0,0,0,2,0,1,0,0,3,1
org.apache.commons.codec.digest,DigestUtils,sha,1,1,1,1,0.0,0.0,0.0,0.0,0.0,0.0,0,0,0,3,0,1,1,1,3,1
org.apache.commons.codec.digest,DigestUtils,sha,1,1,1,1,0.0,0.0,0.0,0.0,0.0,0.0,0,0,0,3,0,1,0,0,3,1
org.apache.commons.codec.digest,DigestUtils,sha1,1,1,1,1,0.0,0.0,0.0,0.0,0.0,0.0,0,0,0,2,1,1,0,0,2,1
org.apache.commons.codec.digest,DigestUtils,sha1,1,1,1,1,0.0,0.0,0.0,0.0,0.0,0.0,0,0,0,2,0,2,0,0,2,1
org.apache.commons.codec.digest,DigestUtils,sha1,1,1,1,1,0.0,0.0,0.0,0.0,0.0,0.0,0,0,0,2,0,2,1,1,2,1
org.apache.commons.codec.digest,DigestUtils,sha1,1,1,1,1,0.0,0.0,0.0,0.0,0.0,0.0,0,0,0,3,1,1,0,0,2,1
org.apache.commons.codec.digest,DigestUtils,sha1Hex,1,1,1,1,0.0,0.0,0.0,0.0,0.0,0.0,0,0,0,2,1,1,0,0,2,1
org.apache.commons.codec.digest,DigestUtils,sha1Hex,1,1,1,1,0.0,0.0,0.0,0.0,0.0,0.0,0,0,0,3,1,1,0,0,2,1
org.apache.commons.codec.digest,DigestUtils,sha1Hex,1,1,1,1,0.0,0.0,0.0,0.0,0.0,0.0,0,0,0,3,1,1,1,1,2,1
org.apache.commons.codec.digest,DigestUtils,sha1Hex,1,1,1,1,0.0,0.0,0.0,0.0,0.0,0.0,0,0,0,3,1,1,0,0,2,1
org.apache.commons.codec.digest,DigestUtils,sha224,1,1,1,1,0.0,0.0,0.0,0.0,0.0,0.0,0,0,0,2,1,1,0,0,2,1
org.apache.commons.codec.digest,DigestUtils,sha224,1,1,1,1,0.0,0.0,0.0,0.0,0.0,0.0,0,0,0,2,0,2,0,0,2,1
org.apache.commons.codec.digest,DigestUtils,sha224,1,1,1,1,0.0,0.0,0.0,0.0,0.0,0.0,0,0,0,2,0,2,1,1,2,1
org.apache.commons.codec.digest,DigestUtils,sha224,1,1,1,1,0.0,0.0,0.0,0.0,0.0,0.0,0,0,0,3,1,1,0,0,2,1
org.apache.commons.codec.digest,DigestUtils,sha224Hex,1,1,1,1,0.0,0.0,0.0,0.0,0.0,0.0,0,0,0,2,1,1,0,0,2,1
org.apache.commons.codec.digest,DigestUtils,sha224Hex,1,1,1,1,0.0,0.0,0.0,0.0,0.0,0.0,0,0,0,3,1,1,0,0,2,1
org.apache.commons.codec.digest,DigestUtils,sha224Hex,1,1,1,1,0.0,0.0,0.0,0.0,0.0,0.0,0,0,0,3,1,1,1,1,2,1
org.apache.commons.codec.digest,DigestUtils,sha224Hex,1,1,1,1,0.0,0.0,0.0,0.0,0.0,0.0,0,0,0,3,1,1,0,0,2,1
org.apache.commons.codec.digest,DigestUtils,sha256,1,1,1,1,0.0,0.0,0.0,0.0,0.0,0.0,0,0,0,2,1,1,0,0,2,1
org.apache.commons.codec.digest,DigestUtils,sha256,1,1,1,1,0.0,0.0,0.0,0.0,0.0,0.0,0,0,0,2,0,2,0,0,2,1
org.apache.commons.codec.digest,DigestUtils,sha256,1,1,1,1,0.0,0.0,0.0,0.0,0.0,0.0,0,0,0,2,0,2,1,1,2,1
org.apache.commons.codec.digest,DigestUtils,sha256,1,1,1,1,0.0,0.0,0.0,0.0,0.0,0.0,0,0,0,3,1,1,0,0,2,1
org.apache.commons.codec.digest,DigestUtils,sha256Hex,1,1,1,1,0.0,0.0,0.0,0.0,0.0,0.0,0,0,0,2,1,1,0,0,2,1
org.apache.commons.codec.digest,DigestUtils,sha256Hex,1,1,1,1,0.0,0.0,0.0,0.0,0.0,0.0,0,0,0,3,1,1,0,0,2,1
org.apache.commons.codec.digest,DigestUtils,sha256Hex,1,1,1,1,0.0,0.0,0.0,0.0,0.0,0.0,0,0,0,3,1,1,1,1,2,1
org.apache.commons.codec.digest,DigestUtils,sha256Hex,1,1,1,1,0.0,0.0,0.0,0.0,0.0,0.0,0,0,0,3,1,1,0,0,2,1
org.apache.commons.codec.digest,DigestUtils,sha384,1,1,1,1,0.0,0.0,0.0,0.0,0.0,0.0,0,0,0,2,1,1,0,0,2,1
org.apache.commons.codec.digest,DigestUtils,sha384,1,1,1,1,0.0,0.0,0.0,0.0,0.0,0.0,0,0,0,2,0,2,0,0,2,1
org.apache.commons.codec.digest,DigestUtils,sha384,1,1,1,1,0.0,0.0,0.0,0.0,0.0,0.0,0,0,0,2,0,2,1,1,2,1
org.apache.commons.codec.digest,DigestUtils,sha384,1,1,1,1,0.0,0.0,0.0,0.0,0.0,0.0,0,0,0,3,1,1,0,0,2,1
org.apache.commons.codec.digest,DigestUtils,sha384Hex,1,1,1,1,0.0,0.0,0.0,0.0,0.0,0.0,0,0,0,2,1,1,0,0,2,1
org.apache.commons.codec.digest,DigestUtils,sha384Hex,1,1,1,1,0.0,0.0,0.0,0.0,0.0,0.0,0,0,0,3,1,1,0,0,2,1
org.apache.commons.codec.digest,DigestUtils,sha384Hex,1,1,1,1,0.0,0.0,0.0,0.0,0.0,0.0,0,0,0,3,1,1,1,1,2,1
org.apache.commons.codec.digest,DigestUtils,sha384Hex,1,1,1,1,0.0,0.0,0.0,0.0,0.0,0.0,0,0,0,3,1,1,0,0,2,1
org.apache.commons.codec.digest,DigestUtils,sha512,1,1,1,1,0.0,0.0,0.0,0.0,0.0,0.0,0,0,0,2,1,1,0,0,2,1
org.apache.commons.codec.digest,DigestUtils,sha512,1,1,1,1,0.0,0.0,0.0,0.0,0.0,0.0,0,0,0,2,0,2,0,0,2,1
org.apache.commons.codec.digest,DigestUtils,sha512,1,1,1,1,0.0,0.0,0.0,0.0,0.0,0.0,0,0,0,2,0,2,1,1,2,1
org.apache.commons.codec.digest,DigestUtils,sha512,1,1,1,1,0.0,0.0,0.0,0.0,0.0,0.0,0,0,0,3,1,1,0,0,2,1
org.apache.commons.codec.digest,DigestUtils,sha512Hex,1,1,1,1,0.0,0.0,0.0,0.0,0.0,0.0,0,0,0,2,1,1,0,0,2,1
org.apache.commons.codec.digest,DigestUtils,sha512Hex,1,1,1,1,0.0,0.0,0.0,0.0,0.0,0.0,0,0,0,3,1,1,0,0,2,1
org.apache.commons.codec.digest,DigestUtils,sha512Hex,1,1,1,1,0.0,0.0,0.0,0.0,0.0,0.0,0,0,0,3,1,1,1,1,2,1
org.apache.commons.codec.digest,DigestUtils,sha512Hex,1,1,1,1,0.0,0.0,0.0,0.0,0.0,0.0,0,0,0,3,1,1,0,0,2,1
org.apache.commons.codec.digest,DigestUtils,shaHex,1,1,1,1,0.0,0.0,0.0,0.0,0.0,0.0,0,0,0,2,0,1,0,0,3,1
org.apache.commons.codec.digest,DigestUtils,shaHex,1,1,1,1,0.0,0.0,0.0,0.0,0.0,0.0,0,0,0,3,0,1,1,1,3,1
org.apache.commons.codec.digest,DigestUtils,shaHex,1,1,1,1,0.0,0.0,0.0,0.0,0.0,0.0,0,0,0,3,0,1,0,0,3,1
org.apache.commons.codec.digest,DigestUtils,updateDigest,1,2,2,2,0.0,0.0,0.0,0.0,0.0,0.0,0,0,0,1,1,0,0,0,2,2
org.apache.commons.codec.digest,DigestUtils,updateDigest,1,2,2,2,0.0,0.0,0.0,0.0,0.0,0.0,0,0,0,2,1,0,0,0,2,2
org.apache.commons.codec.digest,DigestUtils,updateDigest,2,2,4,4,9.0,5.0,20.89735285398626,1.0,20.89735285398626,0.0069657842846620865,0,3,6,2,2,0,1,1,2,6
org.apache.commons.codec.digest,DigestUtils,updateDigest,1,2,2,2,0.0,0.0,0.0,0.0,0.0,0.0,0,0,0,3,2,0,0,0,2,2
org.apache.commons.codec.digest,UnixCrypt,UnixCrypt,1,0,0,1,0.0,0.0,0.0,0.0,0.0,0.0,0,0,0,2,1,0,0,0,1,1
org.apache.commons.codec.digest,UnixCrypt,crypt,1,1,1,1,0.0,0.0,0.0,0.0,0.0,0.0,0,0,0,1,0,1,0,0,2,1
org.apache.commons.codec.digest,UnixCrypt,crypt,9,2,21,16,109.0,35.0,559.0918488470013,38.0,21245.49025618605,0.1863639496156671,0,38,71,5,11,3,1,0,2,42
org.apache.commons.codec.digest,UnixCrypt,crypt,1,1,1,1,0.0,0.0,0.0,0.0,0.0,0.0,0,0,0,3,1,1,0,0,2,1
org.apache.commons.codec.digest,UnixCrypt,crypt,1,2,2,2,0.0,0.0,0.0,0.0,0.0,0.0,0,0,0,3,1,1,0,0,2,1
org.apache.commons.codec.digest,UnixCrypt,body,3,3,10,8,104.0,17.0,425.09613549003535,102.0,43359.80581998361,0.1416987118300118,0,35,69,1,0,2,0,0,2,33
org.apache.commons.codec.digest,UnixCrypt,byteToUnsigned,2,1,2,2,6.0,5.0,13.931568569324174,1.0,13.931568569324174,0.004643856189774725,0,2,4,0,0,0,0,0,2,2
org.apache.commons.codec.digest,UnixCrypt,dEncrypt,1,6,9,9,135.0,29.0,655.8274343422223,88.0,57712.814222115565,0.21860914478074078,0,45,90,1,0,0,0,0,2,8
org.apache.commons.codec.digest,UnixCrypt,desSetKey,3,1,9,9,312.0,43.0,1692.9946034670545,260.0,440178.5969014342,0.5643315344890182,0,105,207,1,0,3,0,0,2,36
org.apache.commons.codec.digest,UnixCrypt,fourBytesToInt,1,2,3,3,38.0,11.0,131.45840150821732,21.0,2760.6264316725637,0.043819467169405775,0,14,24,1,0,1,0,0,2,5
org.apache.commons.codec.digest,UnixCrypt,hPermOp,1,3,4,4,30.0,11.0,103.78294855911894,20.0,2075.6589711823785,0.03459431618637298,0,10,20,0,0,0,0,0,2,3
org.apache.commons.codec.digest,UnixCrypt,intToFourBytes,1,3,3,3,41.0,10.0,136.19905189038187,28.0,3813.5734529306924,0.04539968396346062,0,15,26,0,0,0,0,0,2,5
org.apache.commons.codec.digest,UnixCrypt,permOp,1,5,6,6,33.0,10.0,109.62362713128297,20.0,2192.4725426256596,0.03654120904376099,0,11,22,0,0,0,0,0,2,6
org.apache.commons.codec.digest,HmacUtils,HmacUtils,1,0,0,1,0.0,0.0,0.0,0.0,0.0,0.0,0,0,0,2,1,0,0,0,1,1
org.apache.commons.codec.digest,HmacUtils,getHmacMd5,1,1,1,1,0.0,0.0,0.0,0.0,0.0,0.0,0,0,0,2,0,1,0,0,2,1
org.apache.commons.codec.digest,HmacUtils,getHmacSha1,1,1,1,1,0.0,0.0,0.0,0.0,0.0,0.0,0,0,0,2,0,1,0,0,2,1
org.apache.commons.codec.digest,HmacUtils,getHmacSha256,1,1,1,1,0.0,0.0,0.0,0.0,0.0,0.0,0,0,0,2,0,1,0,0,2,1
org.apache.commons.codec.digest,HmacUtils,getHmacSha384,1,1,1,1,0.0,0.0,0.0,0.0,0.0,0.0,0,0,0,2,0,1,0,0,2,1
org.apache.commons.codec.digest,HmacUtils,getHmacSha512,1,1,1,1,0.0,0.0,0.0,0.0,0.0,0.0,0,0,0,2,0,1,0,0,2,1
org.apache.commons.codec.digest,HmacUtils,getInitializedMac,1,2,2,2,0.0,0.0,0.0,0.0,0.0,0.0,0,0,0,2,1,1,0,0,2,1
org.apache.commons.codec.digest,HmacUtils,getInitializedMac,2,2,6,4,12.0,5.0,27.863137138648348,4.0,111.45254855459339,0.00928771237954945,0,4,8,6,5,0,3,0,2,10
org.apache.commons.codec.digest,HmacUtils,hmacMd5,1,2,3,3,3.0,2.0,3.0,0.0,0.0,0.001,0,1,2,4,2,1,2,0,2,3
org.apache.commons.codec.digest,HmacUtils,hmacMd5,1,2,2,2,0.0,0.0,0.0,0.0,0.0,0.0,0,0,0,3,1,2,1,1,2,1
org.apache.commons.codec.digest,HmacUtils,hmacMd5,1,2,2,2,0.0,0.0,0.0,0.0,0.0,0.0,0,0,0,3,1,1,0,0,2,1
org.apache.commons.codec.digest,HmacUtils,hmacMd5Hex,1,2,2,2,0.0,0.0,0.0,0.0,0.0,0.0,0,0,0,2,1,1,0,0,2,1
org.apache.commons.codec.digest,HmacUtils,hmacMd5Hex,1,2,2,2,0.0,0.0,0.0,0.0,0.0,0.0,0,0,0,3,1,1,1,1,2,1
org.apache.commons.codec.digest,HmacUtils,hmacMd5Hex,1,2,2,2,0.0,0.0,0.0,0.0,0.0,0.0,0,0,0,3,1,1,0,0,2,1
org.apache.commons.codec.digest,HmacUtils,hmacSha1,1,2,3,3,3.0,2.0,3.0,0.0,0.0,0.001,0,1,2,4,2,1,2,0,2,3
org.apache.commons.codec.digest,HmacUtils,hmacSha1,1,2,2,2,0.0,0.0,0.0,0.0,0.0,0.0,0,0,0,3,1,2,1,1,2,1
org.apache.commons.codec.digest,HmacUtils,hmacSha1,1,2,2,2,0.0,0.0,0.0,0.0,0.0,0.0,0,0,0,3,1,1,0,0,2,1
org.apache.commons.codec.digest,HmacUtils,hmacSha1Hex,1,2,2,2,0.0,0.0,0.0,0.0,0.0,0.0,0,0,0,2,1,1,0,0,2,1
org.apache.commons.codec.digest,HmacUtils,hmacSha1Hex,1,2,2,2,0.0,0.0,0.0,0.0,0.0,0.0,0,0,0,3,1,1,1,1,2,1
org.apache.commons.codec.digest,HmacUtils,hmacSha1Hex,1,2,2,2,0.0,0.0,0.0,0.0,0.0,0.0,0,0,0,3,1,1,0,0,2,1
org.apache.commons.codec.digest,HmacUtils,hmacSha256,1,2,3,3,3.0,2.0,3.0,0.0,0.0,0.001,0,1,2,4,2,1,2,0,2,3
org.apache.commons.codec.digest,HmacUtils,hmacSha256,1,2,2,2,0.0,0.0,0.0,0.0,0.0,0.0,0,0,0,3,1,2,1,1,2,1
org.apache.commons.codec.digest,HmacUtils,hmacSha256,1,2,2,2,0.0,0.0,0.0,0.0,0.0,0.0,0,0,0,3,1,1,0,0,2,1
org.apache.commons.codec.digest,HmacUtils,hmacSha256Hex,1,2,2,2,0.0,0.0,0.0,0.0,0.0,0.0,0,0,0,2,1,1,0,0,2,1
org.apache.commons.codec.digest,HmacUtils,hmacSha256Hex,1,2,2,2,0.0,0.0,0.0,0.0,0.0,0.0,0,0,0,3,1,1,1,1,2,1
org.apache.commons.codec.digest,HmacUtils,hmacSha256Hex,1,2,2,2,0.0,0.0,0.0,0.0,0.0,0.0,0,0,0,3,1,1,0,0,2,1
org.apache.commons.codec.digest,HmacUtils,hmacSha384,1,2,3,3,3.0,2.0,3.0,0.0,0.0,0.001,0,1,2,4,2,1,2,0,2,3
org.apache.commons.codec.digest,HmacUtils,hmacSha384,1,2,2,2,0.0,0.0,0.0,0.0,0.0,0.0,0,0,0,3,1,2,1,1,2,1
org.apache.commons.codec.digest,HmacUtils,hmacSha384,1,2,2,2,0.0,0.0,0.0,0.0,0.0,0.0,0,0,0,3,1,1,0,0,2,1
org.apache.commons.codec.digest,HmacUtils,hmacSha384Hex,1,2,2,2,0.0,0.0,0.0,0.0,0.0,0.0,0,0,0,2,1,1,0,0,2,1
org.apache.commons.codec.digest,HmacUtils,hmacSha384Hex,1,2,2,2,0.0,0.0,0.0,0.0,0.0,0.0,0,0,0,3,1,1,1,1,2,1
org.apache.commons.codec.digest,HmacUtils,hmacSha384Hex,1,2,2,2,0.0,0.0,0.0,0.0,0.0,0.0,0,0,0,3,1,1,0,0,2,1
org.apache.commons.codec.digest,HmacUtils,hmacSha512,1,2,3,3,3.0,2.0,3.0,0.0,0.0,0.001,0,1,2,4,2,1,2,0,2,3
org.apache.commons.codec.digest,HmacUtils,hmacSha512,1,2,2,2,0.0,0.0,0.0,0.0,0.0,0.0,0,0,0,3,1,2,1,1,2,1
org.apache.commons.codec.digest,HmacUtils,hmacSha512,1,2,2,2,0.0,0.0,0.0,0.0,0.0,0.0,0,0,0,3,1,1,0,0,2,1
org.apache.commons.codec.digest,HmacUtils,hmacSha512Hex,1,2,2,2,0.0,0.0,0.0,0.0,0.0,0.0,0,0,0,2,1,1,0,0,2,1
org.apache.commons.codec.digest,HmacUtils,hmacSha512Hex,1,2,2,2,0.0,0.0,0.0,0.0,0.0,0.0,0,0,0,3,1,1,1,1,2,1
org.apache.commons.codec.digest,HmacUtils,hmacSha512Hex,1,2,2,2,0.0,0.0,0.0,0.0,0.0,0.0,0,0,0,3,1,1,0,0,2,1
org.apache.commons.codec.digest,HmacUtils,updateHmac,1,2,2,2,0.0,0.0,0.0,0.0,0.0,0.0,0,0,0,1,2,0,0,0,2,3
org.apache.commons.codec.digest,HmacUtils,updateHmac,2,2,4,4,9.0,5.0,20.89735285398626,1.0,20.89735285398626,0.0069657842846620865,0,3,6,2,3,0,1,1,2,7
org.apache.commons.codec.digest,HmacUtils,updateHmac,1,2,2,2,0.0,0.0,0.0,0.0,0.0,0.0,0,0,0,3,3,0,0,0,2,3
org.apache.commons.codec.digest,HmacAlgorithms,values,2,0,0,0,0.0,0.0,0.0,0.0,0.0,0.0,1,0,0,2,1,0,0,0,2,1
org.apache.commons.codec.digest,HmacAlgorithms,valueOf,1,1,1,1,0.0,0.0,0.0,0.0,0.0,0.0,1,0,0,3,1,0,0,0,2,1
org.apache.commons.codec.digest,HmacAlgorithms,HmacAlgorithms,1,3,1,4,0.0,0.0,0.0,0.0,0.0,0.0,0,0,0,3,1,0,0,0,1,3
org.apache.commons.codec.digest,HmacAlgorithms,toString,1,0,0,1,0.0,0.0,0.0,0.0,0.0,0.0,0,0,0,1,0,0,0,0,1,1
org.apache.commons.codec.digest,B64,B64,1,0,0,1,0.0,0.0,0.0,0.0,0.0,0.0,0,0,0,2,1,0,0,0,0,1
org.apache.commons.codec.digest,B64,b64from24bit,2,5,7,7,38.0,17.0,155.3235879675129,12.0,1863.8830556101548,0.0517745293225043,0,13,25,2,2,0,0,0,1,6
org.apache.commons.codec.digest,B64,getRandomSalt,2,1,3,3,8.0,6.0,20.67970000576925,1.0,20.67970000576925,0.006893233335256416,0,3,5,3,7,0,0,0,1,4
org.apache.commons.codec.digest,Md5Crypt,Md5Crypt,1,0,0,1,0.0,0.0,0.0,0.0,0.0,0.0,0,0,0,2,1,0,0,0,1,1
org.apache.commons.codec.digest,Md5Crypt,apr1Crypt,1,1,1,1,0.0,0.0,0.0,0.0,0.0,0.0,0,0,0,3,4,1,0,0,2,1
org.apache.commons.codec.digest,Md5Crypt,apr1Crypt,2,2,2,2,3.0,2.0,3.0,0.0,0.0,0.001,0,1,2,3,4,1,0,0,2,3
org.apache.commons.codec.digest,Md5Crypt,apr1Crypt,1,1,1,1,0.0,0.0,0.0,0.0,0.0,0.0,0,0,0,3,1,1,0,0,2,1
org.apache.commons.codec.digest,Md5Crypt,apr1Crypt,1,2,2,2,0.0,0.0,0.0,0.0,0.0,0.0,0,0,0,3,1,1,0,0,2,1
org.apache.commons.codec.digest,Md5Crypt,md5Crypt,1,1,1,1,0.0,0.0,0.0,0.0,0.0,0.0,0,0,0,3,4,1,0,0,2,1
org.apache.commons.codec.digest,Md5Crypt,md5Crypt,1,2,2,2,0.0,0.0,0.0,0.0,0.0,0.0,0,0,0,2,0,1,0,0,2,1
org.apache.commons.codec.digest,Md5Crypt,md5Crypt,13,3,16,13,74.0,29.0,359.49059363944036,24.0,8627.77424734657,0.11983019787981346,0,25,49,10,20,0,1,0,2,57
org.apache.commons.codec.digest,Crypt,Crypt,1,0,0,1,0.0,0.0,0.0,0.0,0.0,0.0,0,0,0,2,1,0,0,0,1,1
org.apache.commons.codec.digest,Crypt,crypt,1,1,1,1,0.0,0.0,0.0,0.0,0.0,0.0,0,0,0,1,0,1,0,0,2,1
org.apache.commons.codec.digest,Crypt,crypt,5,2,2,2,0.0,0.0,0.0,0.0,0.0,0.0,0,0,0,4,6,0,0,0,2,9
org.apache.commons.codec.digest,Crypt,crypt,1,1,1,1,0.0,0.0,0.0,0.0,0.0,0.0,0,0,0,2,0,1,0,0,2,1
org.apache.commons.codec.digest,Crypt,crypt,1,2,2,2,0.0,0.0,0.0,0.0,0.0,0.0,0,0,0,3,1,1,0,0,2,1
org.apache.commons.codec.digest,MessageDigestAlgorithms,MessageDigestAlgorithms,1,0,0,1,0.0,0.0,0.0,0.0,0.0,0.0,0,0,0,2,1,0,0,0,1,2
org.apache.commons.codec.digest,Sha2Crypt,Sha2Crypt,1,0,0,1,0.0,0.0,0.0,0.0,0.0,0.0,0,0,0,2,1,0,0,0,1,1
org.apache.commons.codec.digest,Sha2Crypt,sha256Crypt,1,1,1,1,0.0,0.0,0.0,0.0,0.0,0.0,0,0,0,1,0,1,0,0,2,1
org.apache.commons.codec.digest,Sha2Crypt,sha256Crypt,2,2,2,2,3.0,2.0,3.0,0.0,0.0,0.001,0,1,2,4,4,1,0,0,2,3
org.apache.commons.codec.digest,Sha2Crypt,sha2Crypt,19,5,24,21,156.0,40.0,830.2207828024285,78.0,64757.22105858942,0.27674026093414283,0,53,103,14,21,0,1,0,2,117
org.apache.commons.codec.digest,Sha2Crypt,sha512Crypt,1,1,1,1,0.0,0.0,0.0,0.0,0.0,0.0,0,0,0,1,0,1,0,0,2,1
org.apache.commons.codec.digest,Sha2Crypt,sha512Crypt,2,2,2,2,3.0,2.0,3.0,0.0,0.0,0.001,0,1,2,4,4,1,0,0,2,3
org.apache.commons.codec,StringDecoder,decode,2,1,0,0,0.0,0.0,0.0,0.0,0.0,0.0,0,0,0,0,0,0,1,1,2,0
org.apache.commons.codec,Decoder,decode,2,1,0,0,0.0,0.0,0.0,0.0,0.0,0.0,0,0,0,0,0,0,1,1,2,0
org.apache.commons.codec,DecoderException,DecoderException,1,0,0,1,0.0,0.0,0.0,0.0,0.0,0.0,0,0,0,2,1,0,2,0,1,2
org.apache.commons.codec,DecoderException,DecoderException,1,1,1,2,0.0,0.0,0.0,0.0,0.0,0.0,0,0,0,3,1,0,2,0,1,2
org.apache.commons.codec,DecoderException,DecoderException,1,2,2,3,0.0,0.0,0.0,0.0,0.0,0.0,0,0,0,4,1,0,2,0,1,2
org.apache.commons.codec,DecoderException,DecoderException,1,1,1,2,0.0,0.0,0.0,0.0,0.0,0.0,0,0,0,3,1,0,2,0,1,2
org.apache.commons.codec,StringEncoder,encode,2,1,0,0,0.0,0.0,0.0,0.0,0.0,0.0,0,0,0,0,0,0,1,1,2,0
org.apache.commons.codec,Encoder,encode,2,1,0,0,0.0,0.0,0.0,0.0,0.0,0.0,0,0,0,0,0,0,1,1,2,0
org.apache.commons.codec,BinaryDecoder,decode,2,1,0,0,0.0,0.0,0.0,0.0,0.0,0.0,0,0,0,0,0,0,1,1,2,0
org.apache.commons.codec.net,BCodec,BCodec,1,0,0,1,0.0,0.0,0.0,0.0,0.0,0.0,0,0,0,2,0,1,0,0,1,2
org.apache.commons.codec.net,BCodec,BCodec,1,1,1,2,0.0,0.0,0.0,0.0,0.0,0.0,0,0,0,3,1,0,0,0,1,3
org.apache.commons.codec.net,BCodec,BCodec,1,1,1,2,0.0,0.0,0.0,0.0,0.0,0.0,0,0,0,3,1,1,0,0,1,2
org.apache.commons.codec.net,BCodec,getEncoding,1,0,0,0,0.0,0.0,0.0,0.0,0.0,0.0,0,0,0,1,0,0,0,0,1,1
org.apache.commons.codec.net,BCodec,doEncoding,2,1,1,1,0.0,0.0,0.0,0.0,0.0,0.0,0,0,0,2,1,0,0,0,1,3
org.apache.commons.codec.net,BCodec,doDecoding,2,1,1,1,0.0,0.0,0.0,0.0,0.0,0.0,0,0,0,2,1,0,0,0,1,3
org.apache.commons.codec.net,BCodec,encode,2,2,2,3,0.0,0.0,0.0,0.0,0.0,0.0,0,0,0,3,0,1,1,1,1,3
org.apache.commons.codec.net,BCodec,encode,2,2,3,4,3.0,2.0,3.0,0.0,0.0,0.001,0,1,2,4,2,1,2,1,1,5
org.apache.commons.codec.net,BCodec,encode,2,1,1,2,0.0,0.0,0.0,0.0,0.0,0.0,0,0,0,2,0,2,1,1,1,3
org.apache.commons.codec.net,BCodec,decode,2,1,2,3,3.0,2.0,3.0,0.0,0.0,0.001,0,1,2,4,2,1,2,1,1,5
org.apache.commons.codec.net,BCodec,encode,3,1,1,2,1.0,1.0,0.0,0.0,0.0,0.0,1,1,0,6,6,1,1,1,1,6
org.apache.commons.codec.net,BCodec,decode,3,1,1,2,1.0,1.0,0.0,0.0,0.0,0.0,1,1,0,6,6,1,1,1,1,6
org.apache.commons.codec.net,BCodec,getCharset,1,0,0,1,0.0,0.0,0.0,0.0,0.0,0.0,0,0,0,1,0,0,0,0,1,1
org.apache.commons.codec.net,BCodec,getDefaultCharset,1,0,0,1,0.0,0.0,0.0,0.0,0.0,0.0,0,0,0,2,1,0,0,0,1,1
org.apache.commons.codec.net,RFC1522Codec,RFC1522Codec,1,0,0,1,0.0,0.0,0.0,0.0,0.0,0.0,0,0,0,2,1,0,0,0,0,1
org.apache.commons.codec.net,RFC1522Codec,encodeText,2,2,4,5,6.0,5.0,13.931568569324174,1.0,13.931568569324174,0.004643856189774725,0,2,4,5,7,2,1,1,1,12
org.apache.commons.codec.net,RFC1522Codec,encodeText,2,2,2,3,0.0,0.0,0.0,0.0,0.0,0.0,0,0,0,3,1,1,2,2,1,3
org.apache.commons.codec.net,RFC1522Codec,decodeText,8,1,7,8,42.0,16.0,168.0,14.0,2352.0,0.056,0,14,28,5,13,2,2,2,1,24
org.apache.commons.codec.net,RFC1522Codec,getEncoding,2,0,0,0,0.0,0.0,0.0,0.0,0.0,0.0,0,0,0,0,0,0,0,0,2,0
org.apache.commons.codec.net,RFC1522Codec,doEncoding,2,1,0,0,0.0,0.0,0.0,0.0,0.0,0.0,0,0,0,0,0,0,1,1,2,0
org.apache.commons.codec.net,RFC1522Codec,doDecoding,2,1,0,0,0.0,0.0,0.0,0.0,0.0,0.0,0,0,0,0,0,0,1,1,2,0
org.apache.commons.codec.net,URLCodec,URLCodec,1,0,0,1,0.0,0.0,0.0,0.0,0.0,0.0,0,0,0,1,0,1,0,0,1,2
org.apache.commons.codec.net,URLCodec,URLCodec,1,1,1,2,0.0,0.0,0.0,0.0,0.0,0.0,0,0,0,3,1,0,0,0,1,3
org.apache.commons.codec.net,URLCodec,encodeUrl,7,2,7,10,47.0,23.0,212.60741193467962,8.0,1700.859295477437,0.07086913731155987,0,16,31,4,6,0,0,0,3,19
org.apache.commons.codec.net,URLCodec,decodeUrl,5,1,7,6,30.0,13.0,111.01319154423277,10.0,1110.1319154423277,0.03700439718141092,0,11,19,4,5,0,2,1,3,16
org.apache.commons.codec.net,URLCodec,encode,1,1,1,1,0.0,0.0,0.0,0.0,0.0,0.0,0,0,0,1,0,1,0,0,1,1
org.apache.commons.codec.net,URLCodec,decode,1,1,1,1,0.0,0.0,0.0,0.0,0.0,0.0,0,0,0,1,0,1,1,1,1,1
org.apache.commons.codec.net,URLCodec,encode,2,2,2,3,0.0,0.0,0.0,0.0,0.0,0.0,0,0,0,3,2,1,1,1,1,3
org.apache.commons.codec.net,URLCodec,encode,2,1,2,3,3.0,2.0,3.0,0.0,0.0,0.001,0,1,2,4,2,2,2,1,1,5
org.apache.commons.codec.net,URLCodec,decode,2,2,2,3,0.0,0.0,0.0,0.0,0.0,0.0,0,0,0,3,2,1,2,2,1,3
org.apache.commons.codec.net,URLCodec,decode,2,1,2,3,3.0,2.0,3.0,0.0,0.0,0.001,0,1,2,4,2,2,2,1,1,5
org.apache.commons.codec.net,URLCodec,encode,4,1,1,2,2.0,1.0,0.0,0.0,0.0,0.0,3,2,0,7,6,2,1,1,1,7
org.apache.commons.codec.net,URLCodec,decode,4,1,1,2,2.0,1.0,0.0,0.0,0.0,0.0,3,2,0,7,6,2,1,1,1,7
org.apache.commons.codec.net,URLCodec,getDefaultCharset,1,0,0,1,0.0,0.0,0.0,0.0,0.0,0.0,0,0,0,1,0,0,0,0,1,1
org.apache.commons.codec.net,URLCodec,getEncoding,1,0,0,1,0.0,0.0,0.0,0.0,0.0,0.0,0,0,0,2,0,0,0,0,2,1
org.apache.commons.codec.net,QCodec,QCodec,1,0,0,1,0.0,0.0,0.0,0.0,0.0,0.0,0,0,0,2,0,1,0,0,1,2
org.apache.commons.codec.net,QCodec,QCodec,1,1,1,2,0.0,0.0,0.0,0.0,0.0,0.0,0,0,0,3,1,0,0,0,1,4
org.apache.commons.codec.net,QCodec,QCodec,1,1,1,2,0.0,0.0,0.0,0.0,0.0,0.0,0,0,0,3,1,1,0,0,1,2
org.apache.commons.codec.net,QCodec,getEncoding,1,0,0,0,0.0,0.0,0.0,0.0,0.0,0.0,0,0,0,1,0,0,0,0,1,1
org.apache.commons.codec.net,QCodec,doEncoding,5,1,3,4,11.0,6.0,28.43458750793272,2.0,56.86917501586544,0.009478195835977574,0,4,7,2,1,0,0,0,1,8
org.apache.commons.codec.net,QCodec,doDecoding,7,1,6,6,37.0,10.0,122.91133951083242,18.0,2212.4041111949837,0.040970446503610806,0,13,24,2,1,0,1,1,1,16
org.apache.commons.codec.net,QCodec,encode,2,2,2,3,0.0,0.0,0.0,0.0,0.0,0.0,0,0,0,3,0,1,1,1,1,3
org.apache.commons.codec.net,QCodec,encode,2,2,3,4,3.0,2.0,3.0,0.0,0.0,0.001,0,1,2,4,2,1,2,1,1,5
org.apache.commons.codec.net,QCodec,encode,2,1,1,2,0.0,0.0,0.0,0.0,0.0,0.0,0,0,0,2,0,2,1,1,1,3
org.apache.commons.codec.net,QCodec,decode,2,1,2,3,3.0,2.0,3.0,0.0,0.0,0.001,0,1,2,4,2,1,2,1,1,5
org.apache.commons.codec.net,QCodec,encode,3,1,1,2,1.0,1.0,0.0,0.0,0.0,0.0,1,1,0,6,6,1,1,1,1,6
org.apache.commons.codec.net,QCodec,decode,3,1,1,2,1.0,1.0,0.0,0.0,0.0,0.0,1,1,0,6,6,1,1,1,1,6
org.apache.commons.codec.net,QCodec,getCharset,1,0,0,1,0.0,0.0,0.0,0.0,0.0,0.0,0,0,0,1,0,0,0,0,1,1
org.apache.commons.codec.net,QCodec,getDefaultCharset,1,0,0,1,0.0,0.0,0.0,0.0,0.0,0.0,0,0,0,2,1,0,0,0,1,1
org.apache.commons.codec.net,QCodec,isEncodeBlanks,1,0,0,1,0.0,0.0,0.0,0.0,0.0,0.0,0,0,0,1,0,0,0,0,1,1
org.apache.commons.codec.net,QCodec,setEncodeBlanks,1,1,1,2,0.0,0.0,0.0,0.0,0.0,0.0,0,0,0,1,0,0,0,0,1,2
org.apache.commons.codec.net,QuotedPrintableCodec,QuotedPrintableCodec,1,0,0,1,0.0,0.0,0.0,0.0,0.0,0.0,0,0,0,2,0,1,0,0,1,2
org.apache.commons.codec.net,QuotedPrintableCodec,QuotedPrintableCodec,1,1,1,2,0.0,0.0,0.0,0.0,0.0,0.0,0,0,0,2,0,1,0,0,1,2
org.apache.commons.codec.net,QuotedPrintableCodec,QuotedPrintableCodec,1,1,1,2,0.0,0.0,0.0,0.0,0.0,0.0,0,0,0,2,0,1,0,0,1,2
org.apache.commons.codec.net,QuotedPrintableCodec,QuotedPrintableCodec,1,2,2,3,0.0,0.0,0.0,0.0,0.0,0.0,0,0,0,3,1,0,0,0,1,4
org.apache.commons.codec.net,QuotedPrintableCodec,QuotedPrintableCodec,1,1,1,2,0.0,0.0,0.0,0.0,0.0,0.0,0,0,0,3,1,1,3,3,1,2
org.apache.commons.codec.net,QuotedPrintableCodec,encodeQuotedPrintable,1,2,4,4,15.0,10.0,49.82892142331044,2.0,99.65784284662088,0.016609640474436815,0,5,10,2,3,0,0,0,3,6
org.apache.commons.codec.net,QuotedPrintableCodec,getUnsignedOctet,2,2,3,3,9.0,5.0,20.89735285398626,2.0,41.79470570797252,0.0069657842846620865,0,3,6,0,0,0,0,0,2,4
org.apache.commons.codec.net,QuotedPrintableCodec,encodeByte,2,3,3,3,0.0,0.0,0.0,0.0,0.0,0.0,0,0,0,2,1,1,0,0,2,4
org.apache.commons.codec.net,QuotedPrintableCodec,isWhitespace,3,1,1,1,0.0,0.0,0.0,0.0,0.0,0.0,0,0,0,0,0,0,0,0,2,1
org.apache.commons.codec.net,QuotedPrintableCodec,encodeQuotedPrintable,1,2,2,2,0.0,0.0,0.0,0.0,0.0,0.0,0,0,0,2,0,1,0,0,3,1
org.apache.commons.codec.net,QuotedPrintableCodec,encodeQuotedPrintable,18,3,12,9,84.0,22.0,374.59225596553296,42.0,15732.874750552384,0.12486408532184431,0,29,55,3,4,4,0,0,3,36
org.apache.commons.codec.net,QuotedPrintableCodec,decodeQuotedPrintable,6,1,7,6,30.0,13.0,111.01319154423277,10.0,1110.1319154423277,0.03700439718141092,0,11,19,4,5,0,2,1,3,17
org.apache.commons.codec.net,QuotedPrintableCodec,encode,1,1,1,2,0.0,0.0,0.0,0.0,0.0,0.0,0,0,0,1,0,1,0,0,1,1
org.apache.commons.codec.net,QuotedPrintableCodec,decode,1,1,1,1,0.0,0.0,0.0,0.0,0.0,0.0,0,0,0,1,0,1,1,1,1,1
org.apache.commons.codec.net,QuotedPrintableCodec,encode,1,1,1,2,0.0,0.0,0.0,0.0,0.0,0.0,0,0,0,2,0,2,1,1,1,1
org.apache.commons.codec.net,QuotedPrintableCodec,decode,2,2,2,3,0.0,0.0,0.0,0.0,0.0,0.0,0,0,0,4,2,1,1,1,1,3
org.apache.commons.codec.net,QuotedPrintableCodec,decode,2,2,2,3,0.0,0.0,0.0,0.0,0.0,0.0,0,0,0,3,2,1,2,2,1,3
org.apache.commons.codec.net,QuotedPrintableCodec,decode,1,1,1,2,0.0,0.0,0.0,0.0,0.0,0.0,0,0,0,2,0,2,1,1,1,1
org.apache.commons.codec.net,QuotedPrintableCodec,encode,4,1,1,2,2.0,1.0,0.0,0.0,0.0,0.0,3,2,0,7,6,2,1,1,1,8
org.apache.commons.codec.net,QuotedPrintableCodec,decode,4,1,1,2,2.0,1.0,0.0,0.0,0.0,0.0,3,2,0,7,6,2,1,1,1,8
org.apache.commons.codec.net,QuotedPrintableCodec,getCharset,1,0,0,1,0.0,0.0,0.0,0.0,0.0,0.0,0,0,0,1,0,0,0,0,1,1
org.apache.commons.codec.net,QuotedPrintableCodec,getDefaultCharset,1,0,0,1,0.0,0.0,0.0,0.0,0.0,0.0,0,0,0,2,1,0,0,0,1,1
org.apache.commons.codec.net,QuotedPrintableCodec,encode,2,2,2,3,0.0,0.0,0.0,0.0,0.0,0.0,0,0,0,4,2,1,0,0,1,3
org.apache.commons.codec.net,QuotedPrintableCodec,encode,2,2,2,3,0.0,0.0,0.0,0.0,0.0,0.0,0,0,0,3,2,1,1,1,1,3
org.apache.commons.codec.net,Utils,Utils,1,0,0,1,0.0,0.0,0.0,0.0,0.0,0.0,0,0,0,2,1,0,0,0,0,1
org.apache.commons.codec.net,Utils,digit16,2,1,2,2,3.0,3.0,4.754887502163469,0.0,0.0,0.0015849625007211565,0,1,2,3,6,0,1,1,1,4
org.apache.commons.codec,BinaryEncoder,encode,2,1,0,0,0.0,0.0,0.0,0.0,0.0,0.0,0,0,0,0,0,0,1,1,2,0
org.apache.commons.codec,StringEncoderComparator,StringEncoderComparator,1,0,0,1,0.0,0.0,0.0,0.0,0.0,0.0,0,0,0,3,1,0,0,0,2,3
org.apache.commons.codec,StringEncoderComparator,StringEncoderComparator,1,1,1,2,0.0,0.0,0.0,0.0,0.0,0.0,0,0,0,3,1,0,0,0,1,3
org.apache.commons.codec,StringEncoderComparator,compare,1,2,6,6,18.0,7.0,50.53238859703688,6.0,303.19433158222125,0.016844129532345625,2,6,12,5,2,0,1,0,1,8
org.apache.commons.codec,Charsets,Charsets,1,0,0,1,0.0,0.0,0.0,0.0,0.0,0.0,0,0,0,2,1,0,0,0,1,1
org.apache.commons.codec,Charsets,toCharset,2,1,1,1,0.0,0.0,0.0,0.0,0.0,0.0,0,0,0,1,1,0,0,0,2,1
org.apache.commons.codec,Charsets,toCharset,2,1,1,1,0.0,0.0,0.0,0.0,0.0,0.0,0,0,0,2,2,0,0,0,2,1
org.apache.commons.codec,CharEncoding,CharEncoding,1,0,0,1,0.0,0.0,0.0,0.0,0.0,0.0,0,0,0,2,1,0,0,0,1,1