System,Package,Class,Name, COMP, NOS, HLTH, HVOC, HEFF, HBUG, CREF, XMET, LMET, NLOC, NOA, MOD, HDIF, LOOP, EXCR, MDN, VDEC, NOPR, EXCT, VREF, CAST, TDN, HVOL, NAND
"No System Name","com.kpelykh.docker.client.model","BoundHostVolumes","BoundHostVolumes",3,12,109,40,11153.55,0.19,4,5,0,13,1,1,19.23,1,0,2,3,62,0,17,0,3,580.09,47
"No System Name","com.kpelykh.docker.client.model","CommitConfig","CommitConfig",1,2,12,10,179.38,0.01,1,0,0,3,1,1,4.50,0,0,0,0,6,0,2,0,0,39.86,6
"No System Name","com.kpelykh.docker.client","Config","Config",1,1,4,4,12.00,0.00,0,0,0,2,0,1,1.50,0,0,0,0,3,0,0,0,0,8.00,1
"No System Name","com.kpelykh.docker.client.model","CopyConfig","CopyConfig",1,2,8,8,60.00,0.01,0,0,0,3,0,1,2.50,0,0,0,0,5,0,1,0,0,24.00,3
"No System Name","com.kpelykh.docker.client","DockerClient","DockerClient",1,2,13,11,134.92,0.01,1,1,1,3,0,1,3.00,0,0,0,0,8,0,0,0,0,44.97,5
"No System Name","com.kpelykh.docker.client","DockerClient","DockerClient",1,14,128,47,4448.23,0.24,14,17,0,15,1,1,6.26,0,0,0,4,67,0,19,0,0,710.99,61
"No System Name","com.kpelykh.docker.client","DockerClient","DockerClient",1,2,14,11,141.26,0.02,1,0,2,3,1,1,2.92,0,0,0,0,7,0,1,0,0,48.43,7
"No System Name","com.kpelykh.docker.client","DockerException","DockerException",1,1,4,4,12.00,0.00,0,0,0,2,0,1,1.50,0,0,0,0,3,0,0,0,0,8.00,1
"No System Name","com.kpelykh.docker.client","DockerException","DockerException",1,2,10,8,75.00,0.01,1,0,0,3,1,1,2.50,0,0,0,0,5,0,1,0,0,30.00,5
"No System Name","com.kpelykh.docker.client","DockerException","DockerException",1,2,13,10,115.16,0.01,2,0,0,3,2,1,2.67,0,0,0,0,5,0,2,0,0,43.19,8
"No System Name","com.kpelykh.docker.client","DockerException","DockerException",1,2,10,8,75.00,0.01,1,0,0,3,1,1,2.50,0,0,0,0,5,0,1,0,0,30.00,5
"No System Name","com.kpelykh.docker.client.model","HostConfig","HostConfig",1,2,10,10,99.66,0.01,0,0,0,3,0,1,3.00,0,0,0,0,6,0,1,0,0,33.22,4
"No System Name","com.kpelykh.docker.client.model","HostConfig$LxcConf","LxcConf",1,1,4,4,12.00,0.00,0,0,0,2,0,1,1.50,0,0,0,0,3,0,0,0,0,8.00,1
"No System Name","com.kpelykh.docker.client.model","HostConfig$LxcConf","LxcConf",1,3,20,11,456.64,0.02,1,0,0,4,2,1,6.60,0,0,0,0,9,0,4,0,0,69.19,11
"No System Name","com.kpelykh.docker.client","NotFoundException","NotFoundException",1,2,10,8,75.00,0.01,1,0,0,3,1,1,2.50,0,0,0,0,5,0,1,0,0,30.00,5
"No System Name","com.kpelykh.docker.client.model","Ports$Port","Port",1,5,28,15,464.92,0.04,1,0,0,6,4,1,4.25,0,0,0,0,11,0,8,0,0,109.39,17
"No System Name","com.kpelykh.docker.client.model","Ports","Ports",1,1,4,4,12.00,0.00,0,0,0,1,0,1,1.50,0,0,0,0,3,0,0,0,0,8.00,1
"No System Name","com.google.common.base","Preconditions","Preconditions",1,1,4,4,12.00,0.00,0,0,0,1,0,1,1.50,0,0,0,0,3,0,0,0,0,8.00,1
"No System Name","com.kpelykh.docker.client.model","Ports","addPort",1,2,17,12,195.89,0.02,1,2,0,3,1,1,3.21,0,0,0,0,8,0,3,0,0,60.94,9
"No System Name","com.kpelykh.docker.client.test","AbstractDockerClientTest","afterMethod",5,18,83,31,3280.24,0.14,3,6,0,21,1,1,7.98,2,1,2,0,44,0,16,0,6,411.20,39
"No System Name","com.kpelykh.docker.client.test","DockerClientAuthTest","afterMethod",1,2,15,12,215.10,0.02,1,0,1,3,1,2,4.00,0,0,0,0,7,0,1,0,0,53.77,8
"No System Name","com.kpelykh.docker.client.test","DockerClientTest","afterMethod",1,2,15,12,215.10,0.02,1,0,1,3,1,2,4.00,0,0,0,0,7,0,1,0,0,53.77,8
"No System Name","com.kpelykh.docker.client.test","DockerPushTest","afterMethod",1,2,15,12,215.10,0.02,1,0,1,3,1,2,4.00,0,0,0,0,7,0,1,0,0,53.77,8
"No System Name","com.kpelykh.docker.client.test","AbstractDockerClientTest","afterTest",1,2,11,10,91.35,0.01,0,1,0,3,0,1,2.50,0,0,0,0,6,0,1,0,0,36.54,5
"No System Name","com.kpelykh.docker.client.test","DockerClientAuthTest","afterTest",1,2,12,10,149.49,0.01,0,0,1,3,0,2,3.75,0,0,0,0,7,0,0,0,0,39.86,5
"No System Name","com.kpelykh.docker.client.test","DockerClientTest","afterTest",1,2,12,10,149.49,0.01,0,0,1,3,0,2,3.75,0,0,0,0,7,0,0,0,0,39.86,5
"No System Name","com.kpelykh.docker.client.test","DockerPushTest","afterTest",1,2,12,10,149.49,0.01,0,0,1,3,0,2,3.75,0,0,0,0,7,0,0,0,0,39.86,5
"No System Name","com.kpelykh.docker.client.utils","CompressArchiveUtil","archiveTARFiles",3,17,112,46,11318.80,0.21,8,12,1,19,3,2,18.30,1,0,3,3,60,1,17,0,4,618.64,52
"No System Name","com.kpelykh.docker.client.model","BoundHostVolumes","asBinds",1,2,9,9,85.59,0.01,1,0,0,3,0,1,3.00,0,0,0,0,6,0,1,0,0,28.53,3
"No System Name","com.kpelykh.docker.client","DockerClient","asString",2,9,78,37,5108.24,0.14,6,7,1,14,1,2,12.57,1,0,2,3,45,1,8,0,3,406.34,33
"No System Name","com.kpelykh.docker.client","DockerClient","auth",2,4,46,27,1503.73,0.07,3,2,1,10,0,1,6.88,0,1,1,0,26,1,5,0,2,218.72,20
"No System Name","com.kpelykh.docker.client","DockerClient","authConfig",1,2,17,14,407.77,0.02,2,0,1,5,0,1,6.30,0,0,0,0,10,1,2,0,0,64.73,7
"No System Name","com.kpelykh.docker.client","DockerClient","authConfigFromProperties",4,12,97,34,6390.62,0.16,4,9,0,10,0,2,12.95,0,0,1,1,60,1,10,0,3,493.48,37
"No System Name","com.kpelykh.docker.client.test","DockerClientTest","available",6,17,106,38,11960.03,0.19,4,7,0,26,1,2,21.50,0,1,3,2,63,0,13,0,8,556.28,43
"No System Name","com.google.common.base","Preconditions","badElementIndex",3,6,50,24,2750.98,0.08,2,1,1,9,3,2,12.00,0,0,1,0,26,0,8,0,3,229.25,24
"No System Name","com.google.common.base","Preconditions","badPositionIndex",3,6,50,24,2750.98,0.08,2,1,1,10,3,2,12.00,0,0,1,0,26,0,8,0,3,229.25,24
"No System Name","com.google.common.base","Preconditions","badPositionIndexes",3,6,53,22,2757.42,0.08,1,0,2,10,3,2,11.67,0,0,1,0,25,0,12,0,2,236.35,28
"No System Name","com.kpelykh.docker.client.test","AbstractDockerClientTest","beforeMethod",1,4,39,22,1023.44,0.06,3,3,0,7,1,1,5.88,0,0,0,0,22,0,4,0,0,173.92,17
"No System Name","com.kpelykh.docker.client.test","DockerClientAuthTest","beforeMethod",1,2,15,12,215.10,0.02,1,0,1,3,1,2,4.00,0,0,0,0,7,0,1,0,0,53.77,8
"No System Name","com.kpelykh.docker.client.test","DockerClientTest","beforeMethod",1,2,15,12,215.10,0.02,1,0,1,3,1,2,4.00,0,0,0,0,7,0,1,0,0,53.77,8
"No System Name","com.kpelykh.docker.client.test","DockerPushTest","beforeMethod",1,2,15,12,215.10,0.02,1,0,1,3,1,2,4.00,0,0,0,0,7,0,1,0,0,53.77,8
"No System Name","com.kpelykh.docker.client.test","AbstractDockerClientTest","beforeTest",1,9,62,30,2020.94,0.10,4,4,2,10,0,1,6.64,0,0,0,1,31,1,9,0,0,304.23,31
"No System Name","com.kpelykh.docker.client.test","DockerClientAuthTest","beforeTest",1,2,14,12,210.80,0.02,1,0,1,3,0,2,4.20,0,0,0,0,8,1,0,0,0,50.19,6
"No System Name","com.kpelykh.docker.client.test","DockerClientTest","beforeTest",1,2,14,12,210.80,0.02,1,0,1,3,0,2,4.20,0,0,0,0,8,1,0,0,0,50.19,6
"No System Name","com.kpelykh.docker.client.test","DockerPushTest","beforeTest",1,3,24,17,436.00,0.03,1,2,1,4,0,2,4.44,0,0,0,0,14,1,2,0,0,98.10,10
"No System Name","com.kpelykh.docker.client.model","IBuilder","build",1,1,10,9,126.80,0.01,1,0,0,1,0,0,4.00,0,0,0,0,6,0,0,0,0,31.70,4
"No System Name","com.kpelykh.docker.client","DockerClient","build",1,2,17,14,291.26,0.02,3,0,1,3,1,1,4.50,0,0,0,0,8,1,1,0,0,64.73,9
"No System Name","com.kpelykh.docker.client","DockerClient","build",1,2,20,16,373.33,0.03,4,0,1,3,2,1,4.67,0,0,0,0,8,1,2,0,0,80.00,12
"No System Name","com.kpelykh.docker.client","DockerClient","build",14,48,430,120,80094.21,0.99,18,32,1,68,3,1,26.97,1,2,5,10,235,1,56,0,19,2969.96,195
"No System Name","com.google.common.base","Preconditions","checkArgument",2,3,18,14,370.07,0.02,1,1,0,5,1,2,5.40,0,0,1,0,12,0,1,0,1,68.53,6
"No System Name","com.google.common.base","Preconditions","checkArgument",2,3,25,19,648.99,0.04,3,2,0,6,2,2,6.11,0,0,1,0,14,0,2,0,1,106.20,11
"No System Name","com.google.common.base","Preconditions","checkArgument",2,3,27,20,758.50,0.04,3,1,1,8,3,2,6.50,0,0,1,0,14,0,3,0,1,116.69,13
"No System Name","com.google.common.base","Preconditions","checkElementIndex",1,2,17,11,352.86,0.02,0,0,1,3,2,2,6.00,0,0,0,0,7,0,2,0,0,58.81,10
"No System Name","com.google.common.base","Preconditions","checkElementIndex",2,4,35,21,1844.77,0.05,2,1,1,7,3,2,12.00,0,0,1,0,17,0,7,0,1,153.73,18
"No System Name","com.google.common.base","Preconditions","checkNotNull",2,4,25,17,1103.61,0.03,2,1,0,6,1,2,10.80,0,0,1,0,16,0,2,0,1,102.19,9
"No System Name","com.google.common.base","Preconditions","checkNotNull",2,4,32,22,1442.87,0.05,4,2,0,6,2,2,10.11,0,0,1,0,18,0,3,0,1,142.70,14
"No System Name","com.google.common.base","Preconditions","checkNotNull",2,4,34,23,1599.53,0.05,4,1,1,9,3,2,10.40,0,0,1,0,18,0,4,0,1,153.80,16
"No System Name","com.google.common.base","Preconditions","checkPositionIndex",1,2,17,11,352.86,0.02,0,0,1,3,2,2,6.00,0,0,0,0,7,0,2,0,0,58.81,10
"No System Name","com.google.common.base","Preconditions","checkPositionIndex",2,4,35,21,1844.77,0.05,2,1,1,7,3,2,12.00,0,0,1,0,17,0,7,0,1,153.73,18
"No System Name","com.google.common.base","Preconditions","checkPositionIndexes",2,3,36,20,1806.57,0.05,1,1,1,5,3,2,11.61,0,0,1,0,17,0,8,0,1,155.59,19
"No System Name","com.google.common.base","Preconditions","checkState",2,3,18,14,370.07,0.02,1,1,0,5,1,2,5.40,0,0,1,0,12,0,1,0,1,68.53,6
"No System Name","com.google.common.base","Preconditions","checkState",2,3,25,19,648.99,0.04,3,2,0,6,2,2,6.11,0,0,1,0,14,0,2,0,1,106.20,11
"No System Name","com.google.common.base","Preconditions","checkState",2,3,27,20,758.50,0.04,3,1,1,8,3,2,6.50,0,0,1,0,14,0,3,0,1,116.69,13
"No System Name","com.kpelykh.docker.client","DockerClient","commit",5,20,211,72,22168.37,0.43,12,21,0,26,1,1,17.03,0,2,2,3,116,2,27,0,6,1301.85,95
"No System Name","com.kpelykh.docker.client.test","DockerClientTest","commitImage",1,18,179,54,10184.19,0.34,6,16,6,25,0,2,9.89,0,0,0,5,92,1,27,0,0,1030.12,87
"No System Name","com.kpelykh.docker.client","DockerClient","configWithServerUrl",1,4,32,20,1037.26,0.05,4,2,0,5,1,2,7.50,0,0,0,1,17,1,4,0,0,138.30,15
"No System Name","com.kpelykh.docker.client","DockerClient","containerDiff",4,10,116,48,9329.12,0.22,9,10,0,16,1,1,14.40,0,1,2,1,68,2,12,0,5,647.86,48
"No System Name","com.kpelykh.docker.client","DockerClient","copyFile",5,15,158,54,13995.42,0.30,9,13,0,22,2,1,15.39,0,1,2,3,91,1,17,0,6,909.27,67
"No System Name","com.kpelykh.docker.client","Config","createConfig",6,27,211,66,25230.09,0.43,10,16,0,34,0,1,19.78,1,1,3,5,120,1,29,0,9,1275.37,91
"No System Name","com.kpelykh.docker.client","DockerClient","createContainer",1,2,15,12,215.10,0.02,3,0,1,3,1,1,4.00,0,0,0,0,7,1,1,0,0,53.77,8
"No System Name","com.kpelykh.docker.client","DockerClient","createContainer",6,15,160,61,15738.15,0.32,11,12,0,23,2,1,16.59,0,1,2,2,92,2,18,0,7,948.92,68
"No System Name","com.kpelykh.docker.client.model","Ports$Deserializer","deserialize",3,14,148,55,11230.29,0.29,12,15,0,14,2,2,13.12,1,0,2,7,78,2,14,0,2,855.64,70
"No System Name","com.kpelykh.docker.client.test","DockerClientTest","dockerfileBuild",2,24,209,68,15336.75,0.42,11,20,5,33,2,1,12.05,1,0,2,9,107,2,31,0,3,1272.28,102
"No System Name","com.google.common.base","Preconditions","format",5,21,166,44,26861.71,0.30,3,7,0,27,2,1,29.64,2,0,2,4,88,0,39,0,4,906.27,78
"No System Name","com.kpelykh.docker.client.model","Ports","getAllPorts",1,2,12,12,150.57,0.01,3,0,0,3,0,1,3.50,0,0,0,0,7,0,1,0,0,43.02,5
"No System Name","com.kpelykh.docker.client.model","Version","getApiVersion",1,2,8,8,60.00,0.01,1,0,0,3,0,1,2.50,0,0,0,0,5,0,1,0,0,24.00,3
"No System Name","com.kpelykh.docker.client.model","ImageInspectResponse","getArch",1,2,8,8,60.00,0.01,1,0,0,3,0,1,2.50,0,0,0,0,5,0,1,0,0,24.00,3
"No System Name","com.kpelykh.docker.client.model","Version","getArch",1,2,8,8,60.00,0.01,1,0,0,3,0,1,2.50,0,0,0,0,5,0,1,0,0,24.00,3
"No System Name","com.kpelykh.docker.client.model","ContainerInspectResponse","getArgs",1,2,9,9,85.59,0.01,1,0,0,3,0,1,3.00,0,0,0,0,6,0,1,0,0,28.53,3
"No System Name","com.kpelykh.docker.client.model","CommitConfig","getAuthor",1,2,8,8,60.00,0.01,1,0,0,3,0,1,2.50,0,0,0,0,5,0,1,0,0,24.00,3
"No System Name","com.kpelykh.docker.client.model","ImageInspectResponse","getAuthor",1,2,8,8,60.00,0.01,1,0,0,3,0,1,2.50,0,0,0,0,5,0,1,0,0,24.00,3
"No System Name","com.kpelykh.docker.client.model","HostConfig","getBinds",1,2,9,9,85.59,0.01,1,0,0,3,0,1,3.00,0,0,0,0,6,0,1,0,0,28.53,3
"No System Name","com.kpelykh.docker.client.model","ContainerConfig","getCmd",1,2,9,9,85.59,0.01,1,0,0,3,0,1,3.00,0,0,0,0,6,0,1,0,0,28.53,3
"No System Name","com.kpelykh.docker.client.model","Container","getCommand",1,2,8,8,60.00,0.01,1,0,0,3,0,1,2.50,0,0,0,0,5,0,1,0,0,24.00,3
"No System Name","com.kpelykh.docker.client.model","ImageInspectResponse","getComment",1,2,8,8,60.00,0.01,1,0,0,3,0,1,2.50,0,0,0,0,5,0,1,0,0,24.00,3
"No System Name","com.kpelykh.docker.client.model","ContainerInspectResponse","getConfig",1,2,8,8,60.00,0.01,1,0,0,3,0,1,2.50,0,0,0,0,5,0,1,0,0,24.00,3
"No System Name","com.kpelykh.docker.client.model","ImageInspectResponse","getConfig",1,2,8,8,60.00,0.01,1,0,0,3,0,1,2.50,0,0,0,0,5,0,1,0,0,24.00,3
"No System Name","com.kpelykh.docker.client.model","CommitConfig","getContainer",1,2,8,8,60.00,0.01,1,0,0,3,0,1,2.50,0,0,0,0,5,0,1,0,0,24.00,3
"No System Name","com.kpelykh.docker.client.model","ImageInspectResponse","getContainer",1,2,8,8,60.00,0.01,1,0,0,3,0,1,2.50,0,0,0,0,5,0,1,0,0,24.00,3
"No System Name","com.kpelykh.docker.client.model","ImageInspectResponse","getContainerConfig",1,2,8,8,60.00,0.01,1,0,0,3,0,1,2.50,0,0,0,0,5,0,1,0,0,24.00,3
"No System Name","com.kpelykh.docker.client.model","HostConfig","getContainerIDFile",1,2,8,8,60.00,0.01,1,0,0,3,0,1,2.50,0,0,0,0,5,0,1,0,0,24.00,3
"No System Name","com.kpelykh.docker.client.model","Info","getContainers",1,2,8,8,60.00,0.01,0,0,0,3,0,1,2.50,0,0,0,0,5,0,1,0,0,24.00,3
"No System Name","com.kpelykh.docker.client.model","ContainerConfig","getCpuShares",1,2,8,8,60.00,0.01,0,0,0,3,0,1,2.50,0,0,0,0,5,0,1,0,0,24.00,3
"No System Name","com.kpelykh.docker.client.model","Container","getCreated",1,2,8,8,60.00,0.01,0,0,0,3,0,1,2.50,0,0,0,0,5,0,1,0,0,24.00,3
"No System Name","com.kpelykh.docker.client.model","ContainerInspectResponse","getCreated",1,2,8,8,60.00,0.01,1,0,0,3,0,1,2.50,0,0,0,0,5,0,1,0,0,24.00,3
"No System Name","com.kpelykh.docker.client.model","Image","getCreated",1,2,8,8,60.00,0.01,0,0,0,3,0,1,2.50,0,0,0,0,5,0,1,0,0,24.00,3
"No System Name","com.kpelykh.docker.client.model","ImageInspectResponse","getCreated",1,2,8,8,60.00,0.01,1,0,0,3,0,1,2.50,0,0,0,0,5,0,1,0,0,24.00,3
"No System Name","com.kpelykh.docker.client.model","SearchItem","getDescription",1,2,8,8,60.00,0.01,1,0,0,3,0,1,2.50,0,0,0,0,5,0,1,0,0,24.00,3
"No System Name","com.kpelykh.docker.client.model","DriverStatus","getDirs",1,2,8,8,60.00,0.01,0,0,0,3,0,1,2.50,0,0,0,0,5,0,1,0,0,24.00,3
"No System Name","com.kpelykh.docker.client.model","ContainerConfig","getDns",1,2,9,9,85.59,0.01,1,0,0,3,0,1,3.00,0,0,0,0,6,0,1,0,0,28.53,3
"No System Name","com.kpelykh.docker.client.model","HostConfig","getDns",1,2,8,8,60.00,0.01,1,0,0,3,0,1,2.50,0,0,0,0,5,0,1,0,0,24.00,3
"No System Name","com.kpelykh.docker.client.model","HostConfig","getDnsSearch",1,2,8,8,60.00,0.01,1,0,0,3,0,1,2.50,0,0,0,0,5,0,1,0,0,24.00,3
"No System Name","com.kpelykh.docker.client.model","ImageInspectResponse","getDockerVersion",1,2,8,8,60.00,0.01,1,0,0,3,0,1,2.50,0,0,0,0,5,0,1,0,0,24.00,3
"No System Name","com.kpelykh.docker.client.model","ContainerConfig","getDomainName",1,2,8,8,60.00,0.01,1,0,0,3,0,1,2.50,0,0,0,0,5,0,1,0,0,24.00,3
"No System Name","com.kpelykh.docker.client.model","ContainerInspectResponse","getDriver",1,2,8,8,60.00,0.01,1,0,0,3,0,1,2.50,0,0,0,0,5,0,1,0,0,24.00,3
"No System Name","com.kpelykh.docker.client.model","Info","getDriver",1,2,8,8,60.00,0.01,1,0,0,3,0,1,2.50,0,0,0,0,5,0,1,0,0,24.00,3
"No System Name","com.kpelykh.docker.client.model","Info","getDriverStatuses",1,2,11,11,133.19,0.01,2,0,0,3,0,1,3.50,0,0,0,0,7,0,1,0,0,38.05,4
"No System Name","com.kpelykh.docker.client.model","AuthConfig","getEmail",1,2,8,8,60.00,0.01,1,0,0,3,0,1,2.50,0,0,0,0,5,0,1,0,0,24.00,3
"No System Name","com.kpelykh.docker.client.model","ContainerConfig","getEntrypoint",1,2,9,9,85.59,0.01,1,0,0,3,0,1,3.00,0,0,0,0,6,0,1,0,0,28.53,3
"No System Name","com.kpelykh.docker.client.model","ContainerConfig","getEnv",1,2,9,9,85.59,0.01,1,0,0,3,0,1,3.00,0,0,0,0,6,0,1,0,0,28.53,3
"No System Name","com.kpelykh.docker.client.model","ContainerInspectResponse","getExecDriver",1,2,8,8,60.00,0.01,1,0,0,3,0,1,2.50,0,0,0,0,5,0,1,0,0,24.00,3
"No System Name","com.kpelykh.docker.client.model","Info","getExecutionDriver",1,2,8,8,60.00,0.01,1,0,0,3,0,1,2.50,0,0,0,0,5,0,1,0,0,24.00,3
"No System Name","com.kpelykh.docker.client.model","ContainerConfig","getExposedPorts",1,2,12,12,172.08,0.01,3,0,0,3,0,1,4.00,0,0,0,0,8,0,1,0,0,43.02,4
"No System Name","com.kpelykh.docker.client.model","Version","getGitCommit",1,2,8,8,60.00,0.01,1,0,0,3,0,1,2.50,0,0,0,0,5,0,1,0,0,24.00,3
"No System Name","com.kpelykh.docker.client.model","Version","getGoVersion",1,2,8,8,60.00,0.01,1,0,0,3,0,1,2.50,0,0,0,0,5,0,1,0,0,24.00,3
"No System Name","com.kpelykh.docker.client.model","ContainerInspectResponse","getHostConfig",1,2,8,8,60.00,0.01,1,0,0,3,0,1,2.50,0,0,0,0,5,0,1,0,0,24.00,3
"No System Name","com.kpelykh.docker.client.model","Ports$Port","getHostIp",1,2,8,8,60.00,0.01,1,0,0,3,0,1,2.50,0,0,0,0,5,0,1,0,0,24.00,3
"No System Name","com.kpelykh.docker.client.model","ContainerConfig","getHostName",1,2,8,8,60.00,0.01,1,0,0,3,0,1,2.50,0,0,0,0,5,0,1,0,0,24.00,3
"No System Name","com.kpelykh.docker.client.model","CopyConfig","getHostPath",1,2,8,8,60.00,0.01,1,0,0,3,0,1,2.50,0,0,0,0,5,0,1,0,0,24.00,3
"No System Name","com.kpelykh.docker.client.model","Ports$Port","getHostPort",1,2,8,8,60.00,0.01,1,0,0,3,0,1,2.50,0,0,0,0,5,0,1,0,0,24.00,3
"No System Name","com.kpelykh.docker.client.model","ContainerInspectResponse","getHostnamePath",1,2,8,8,60.00,0.01,1,0,0,3,0,1,2.50,0,0,0,0,5,0,1,0,0,24.00,3
"No System Name","com.kpelykh.docker.client.model","ContainerInspectResponse","getHostsPath",1,2,8,8,60.00,0.01,1,0,0,3,0,1,2.50,0,0,0,0,5,0,1,0,0,24.00,3
"No System Name","com.kpelykh.docker.client.model","Info","getIPv4Forwarding",1,2,8,8,60.00,0.01,1,0,0,3,0,1,2.50,0,0,0,0,5,0,1,0,0,24.00,3
"No System Name","com.kpelykh.docker.client.model","Container","getId",1,2,8,8,60.00,0.01,1,0,0,3,0,1,2.50,0,0,0,0,5,0,1,0,0,24.00,3
"No System Name","com.kpelykh.docker.client.model","ContainerCreateResponse","getId",1,2,8,8,60.00,0.01,1,0,0,3,0,1,2.50,0,0,0,0,5,0,1,0,0,24.00,3
"No System Name","com.kpelykh.docker.client.model","ContainerInspectResponse","getId",1,2,8,8,60.00,0.01,1,0,0,3,0,1,2.50,0,0,0,0,5,0,1,0,0,24.00,3
"No System Name","com.kpelykh.docker.client.model","Image","getId",1,2,8,8,60.00,0.01,1,0,0,3,0,1,2.50,0,0,0,0,5,0,1,0,0,24.00,3
"No System Name","com.kpelykh.docker.client.model","ImageCreateResponse","getId",1,2,8,8,60.00,0.01,1,0,0,3,0,1,2.50,0,0,0,0,5,0,1,0,0,24.00,3
"No System Name","com.kpelykh.docker.client.model","ImageInspectResponse","getId",1,2,8,8,60.00,0.01,1,0,0,3,0,1,2.50,0,0,0,0,5,0,1,0,0,24.00,3
"No System Name","com.kpelykh.docker.client.model","Container","getImage",1,2,8,8,60.00,0.01,1,0,0,3,0,1,2.50,0,0,0,0,5,0,1,0,0,24.00,3
"No System Name","com.kpelykh.docker.client.model","ContainerConfig","getImage",1,2,8,8,60.00,0.01,1,0,0,3,0,1,2.50,0,0,0,0,5,0,1,0,0,24.00,3
"No System Name","com.kpelykh.docker.client.model","ContainerInspectResponse","getImageId",1,2,8,8,60.00,0.01,1,0,0,3,0,1,2.50,0,0,0,0,5,0,1,0,0,24.00,3
"No System Name","com.kpelykh.docker.client","DockerClient","getImages",1,2,18,16,370.29,0.02,3,0,1,3,0,1,5.14,0,0,0,0,10,1,0,0,0,72.00,8
"No System Name","com.kpelykh.docker.client.model","Info","getImages",1,2,8,8,60.00,0.01,0,0,0,3,0,1,2.50,0,0,0,0,5,0,1,0,0,24.00,3
"No System Name","com.kpelykh.docker.client","DockerClient","getImages",1,2,20,17,459.84,0.03,3,0,1,3,1,1,5.62,0,0,0,0,10,1,1,0,0,81.75,10
"No System Name","com.kpelykh.docker.client","DockerClient","getImages",1,2,20,17,459.84,0.03,4,0,1,3,1,1,5.62,0,0,0,0,10,1,1,0,0,81.75,10
"No System Name","com.kpelykh.docker.client","DockerClient","getImages",4,15,154,61,14925.21,0.30,10,11,0,21,2,1,16.34,0,1,2,3,87,1,17,0,5,913.33,67
"No System Name","com.kpelykh.docker.client.model","Info","getIndexServerAddress",1,2,8,8,60.00,0.01,1,0,0,3,0,1,2.50,0,0,0,0,5,0,1,0,0,24.00,3
"No System Name","com.kpelykh.docker.client.model","Info","getInitPath",1,2,8,8,60.00,0.01,1,0,0,3,0,1,2.50,0,0,0,0,5,0,1,0,0,24.00,3
"No System Name","com.kpelykh.docker.client.model","Info","getInitSha1",1,2,8,8,60.00,0.01,1,0,0,3,0,1,2.50,0,0,0,0,5,0,1,0,0,24.00,3
"No System Name","com.kpelykh.docker.client.model","Info","getKernelVersion",1,2,8,8,60.00,0.01,1,0,0,3,0,1,2.50,0,0,0,0,5,0,1,0,0,24.00,3
"No System Name","com.kpelykh.docker.client.model","Version","getKernelVersion",1,2,8,8,60.00,0.01,1,0,0,3,0,1,2.50,0,0,0,0,5,0,1,0,0,24.00,3
"No System Name","com.kpelykh.docker.client.model","HostConfig$LxcConf","getKey",1,2,8,8,60.00,0.01,1,0,0,3,0,1,2.50,0,0,0,0,5,0,1,0,0,24.00,3
"No System Name","com.kpelykh.docker.client.model","ChangeLog","getKind",1,2,8,8,60.00,0.01,0,0,0,3,0,1,2.50,0,0,0,0,5,0,1,0,0,24.00,3
"No System Name","com.kpelykh.docker.client.model","HostConfig","getLinks",1,2,9,9,85.59,0.01,1,0,0,3,0,1,3.00,0,0,0,0,6,0,1,0,0,28.53,3
"No System Name","com.kpelykh.docker.client.model","HostConfig","getLxcConf",1,2,9,9,85.59,0.01,1,0,0,3,0,1,3.00,0,0,0,0,6,0,1,0,0,28.53,3
"No System Name","com.kpelykh.docker.client.model","Info","getLxcVersion",1,2,8,8,60.00,0.01,1,0,0,3,0,1,2.50,0,0,0,0,5,0,1,0,0,24.00,3
"No System Name","com.kpelykh.docker.client.model","ContainerConfig","getMemoryLimit",1,2,8,8,60.00,0.01,0,0,0,3,0,1,2.50,0,0,0,0,5,0,1,0,0,24.00,3
"No System Name","com.kpelykh.docker.client.model","ContainerConfig","getMemorySwap",1,2,8,8,60.00,0.01,0,0,0,3,0,1,2.50,0,0,0,0,5,0,1,0,0,24.00,3
"No System Name","com.kpelykh.docker.client.model","CommitConfig","getMessage",1,2,8,8,60.00,0.01,1,0,0,3,0,1,2.50,0,0,0,0,5,0,1,0,0,24.00,3
"No System Name","com.kpelykh.docker.client.model","ContainerInspectResponse","getMountLabel",1,2,8,8,60.00,0.01,1,0,0,3,0,1,2.50,0,0,0,0,5,0,1,0,0,24.00,3
"No System Name","com.kpelykh.docker.client.model","Info","getNFd",1,2,8,8,60.00,0.01,0,0,0,3,0,1,2.50,0,0,0,0,5,0,1,0,0,24.00,3
"No System Name","com.kpelykh.docker.client.model","Info","getNGoroutines",1,2,8,8,60.00,0.01,0,0,0,3,0,1,2.50,0,0,0,0,5,0,1,0,0,24.00,3
"No System Name","com.kpelykh.docker.client.model","ContainerInspectResponse","getName",1,2,8,8,60.00,0.01,1,0,0,3,0,1,2.50,0,0,0,0,5,0,1,0,0,24.00,3
"No System Name","com.kpelykh.docker.client.model","SearchItem","getName",1,2,8,8,60.00,0.01,1,0,0,3,0,1,2.50,0,0,0,0,5,0,1,0,0,24.00,3
"No System Name","com.kpelykh.docker.client.model","Container","getNames",1,2,9,9,85.59,0.01,1,0,0,3,0,1,3.00,0,0,0,0,6,0,1,0,0,28.53,3
"No System Name","com.kpelykh.docker.client.model","ContainerInspectResponse","getNetworkSettings",1,2,8,8,60.00,0.01,1,0,0,3,0,1,2.50,0,0,0,0,5,0,1,0,0,24.00,3
"No System Name","com.kpelykh.docker.client.model","ContainerConfig","getOnBuild",1,2,9,9,85.59,0.01,0,0,0,3,0,1,3.00,0,0,0,0,6,0,1,0,0,28.53,3
"No System Name","com.kpelykh.docker.client.model","Version","getOperatingSystem",1,2,8,8,60.00,0.01,1,0,0,3,0,1,2.50,0,0,0,0,5,0,1,0,0,24.00,3
"No System Name","com.kpelykh.docker.client.model","ImageInspectResponse","getOs",1,2,8,8,60.00,0.01,1,0,0,3,0,1,2.50,0,0,0,0,5,0,1,0,0,24.00,3
"No System Name","com.kpelykh.docker.client.model","ImageInspectResponse","getParent",1,2,8,8,60.00,0.01,1,0,0,3,0,1,2.50,0,0,0,0,5,0,1,0,0,24.00,3
"No System Name","com.kpelykh.docker.client.model","Image","getParentId",1,2,8,8,60.00,0.01,1,0,0,3,0,1,2.50,0,0,0,0,5,0,1,0,0,24.00,3
"No System Name","com.kpelykh.docker.client.model","AuthConfig","getPassword",1,2,8,8,60.00,0.01,1,0,0,3,0,1,2.50,0,0,0,0,5,0,1,0,0,24.00,3
"No System Name","com.kpelykh.docker.client.model","ChangeLog","getPath",1,2,8,8,60.00,0.01,1,0,0,3,0,1,2.50,0,0,0,0,5,0,1,0,0,24.00,3
"No System Name","com.kpelykh.docker.client.model","ContainerInspectResponse","getPath",1,2,8,8,60.00,0.01,1,0,0,3,0,1,2.50,0,0,0,0,5,0,1,0,0,24.00,3
"No System Name","com.kpelykh.docker.client.model","Ports$Port","getPort",1,2,8,8,60.00,0.01,1,0,0,3,0,1,2.50,0,0,0,0,5,0,1,0,0,24.00,3
"No System Name","com.kpelykh.docker.client.model","HostConfig","getPortBindings",1,2,8,8,60.00,0.01,1,0,0,3,0,1,2.50,0,0,0,0,5,0,1,0,0,24.00,3
"No System Name","com.kpelykh.docker.client.model","ContainerConfig","getPortSpecs",1,2,9,9,85.59,0.01,1,0,0,3,0,1,3.00,0,0,0,0,6,0,1,0,0,28.53,3
"No System Name","com.kpelykh.docker.client.model","Container","getPorts",1,2,8,8,60.00,0.01,1,0,0,3,0,1,2.50,0,0,0,0,5,0,1,0,0,24.00,3
"No System Name","com.kpelykh.docker.client.model","Port","getPrivatePort",1,2,8,8,60.00,0.01,0,0,0,3,0,1,2.50,0,0,0,0,5,0,1,0,0,24.00,3
"No System Name","com.kpelykh.docker.client.model","Port","getPublicPort",1,2,8,8,60.00,0.01,0,0,0,3,0,1,2.50,0,0,0,0,5,0,1,0,0,24.00,3
"No System Name","com.kpelykh.docker.client.model","CommitConfig","getRepo",1,2,8,8,60.00,0.01,1,0,0,3,0,1,2.50,0,0,0,0,5,0,1,0,0,24.00,3
"No System Name","com.kpelykh.docker.client.model","Image","getRepoTags",1,2,9,9,85.59,0.01,1,0,0,3,0,1,3.00,0,0,0,0,6,0,1,0,0,28.53,3
"No System Name","com.kpelykh.docker.client.model","Image","getRepository",1,2,8,8,60.00,0.01,1,0,0,3,0,1,2.50,0,0,0,0,5,0,1,0,0,24.00,3
"No System Name","com.kpelykh.docker.client.model","ContainerInspectResponse","getResolvConfPath",1,2,8,8,60.00,0.01,1,0,0,3,0,1,2.50,0,0,0,0,5,0,1,0,0,24.00,3
"No System Name","com.kpelykh.docker.client.model","CopyConfig","getResource",1,2,8,8,60.00,0.01,1,0,0,3,0,1,2.50,0,0,0,0,5,0,1,0,0,24.00,3
"No System Name","com.kpelykh.docker.client.model","DriverStatus","getRootDir",1,2,8,8,60.00,0.01,1,0,0,3,0,1,2.50,0,0,0,0,5,0,1,0,0,24.00,3
"No System Name","com.kpelykh.docker.client.model","CommitConfig","getRun",1,2,8,8,60.00,0.01,1,0,0,3,0,1,2.50,0,0,0,0,5,0,1,0,0,24.00,3
"No System Name","com.kpelykh.docker.client.model","Ports$Port","getScheme",1,2,8,8,60.00,0.01,1,0,0,3,0,1,2.50,0,0,0,0,5,0,1,0,0,24.00,3
"No System Name","com.kpelykh.docker.client.model","AuthConfig","getServerAddress",1,2,8,8,60.00,0.01,1,0,0,3,0,1,2.50,0,0,0,0,5,0,1,0,0,24.00,3
"No System Name","com.kpelykh.docker.client.model","Container","getSize",1,2,8,8,60.00,0.01,0,0,0,3,0,1,2.50,0,0,0,0,5,0,1,0,0,24.00,3
"No System Name","com.kpelykh.docker.client.model","Image","getSize",1,2,8,8,60.00,0.01,0,0,0,3,0,1,2.50,0,0,0,0,5,0,1,0,0,24.00,3
"No System Name","com.kpelykh.docker.client.model","ImageInspectResponse","getSize",1,2,8,8,60.00,0.01,0,0,0,3,0,1,2.50,0,0,0,0,5,0,1,0,0,24.00,3
"No System Name","com.kpelykh.docker.client.model","Container","getSizeRootFs",1,2,8,8,60.00,0.01,0,0,0,3,0,1,2.50,0,0,0,0,5,0,1,0,0,24.00,3
"No System Name","com.kpelykh.docker.client.model","SearchItem","getStarCount",1,2,8,8,60.00,0.01,0,0,0,3,0,1,2.50,0,0,0,0,5,0,1,0,0,24.00,3
"No System Name","com.kpelykh.docker.client.model","ContainerInspectResponse","getState",1,2,8,8,60.00,0.01,1,0,0,3,0,1,2.50,0,0,0,0,5,0,1,0,0,24.00,3
"No System Name","com.kpelykh.docker.client.model","Container","getStatus",1,2,8,8,60.00,0.01,1,0,0,3,0,1,2.50,0,0,0,0,5,0,1,0,0,24.00,3
"No System Name","com.kpelykh.docker.client.model","Info","getSwapLimit",1,2,8,8,60.00,0.01,0,0,0,3,0,1,2.50,0,0,0,0,5,0,1,0,0,24.00,3
"No System Name","com.kpelykh.docker.client.model","ContainerInspectResponse","getSysInitPath",1,2,8,8,60.00,0.01,1,0,0,3,0,1,2.50,0,0,0,0,5,0,1,0,0,24.00,3
"No System Name","com.kpelykh.docker.client.model","CommitConfig","getTag",1,2,8,8,60.00,0.01,1,0,0,3,0,1,2.50,0,0,0,0,5,0,1,0,0,24.00,3
"No System Name","com.kpelykh.docker.client.model","Image","getTag",1,2,8,8,60.00,0.01,1,0,0,3,0,1,2.50,0,0,0,0,5,0,1,0,0,24.00,3
"No System Name","com.kpelykh.docker.client.model","Port","getType",1,2,8,8,60.00,0.01,1,0,0,3,0,1,2.50,0,0,0,0,5,0,1,0,0,24.00,3
"No System Name","com.kpelykh.docker.client.model","ContainerConfig","getUser",1,2,8,8,60.00,0.01,1,0,0,3,0,1,2.50,0,0,0,0,5,0,1,0,0,24.00,3
"No System Name","com.kpelykh.docker.client.model","AuthConfig","getUsername",1,2,8,8,60.00,0.01,1,0,0,3,0,1,2.50,0,0,0,0,5,0,1,0,0,24.00,3
"No System Name","com.kpelykh.docker.client.model","HostConfig$LxcConf","getValue",1,2,8,8,60.00,0.01,1,0,0,3,0,1,2.50,0,0,0,0,5,0,1,0,0,24.00,3
"No System Name","com.kpelykh.docker.client.model","Version","getVersion",1,2,8,8,60.00,0.01,1,0,0,3,0,1,2.50,0,0,0,0,5,0,1,0,0,24.00,3
"No System Name","com.kpelykh.docker.client.model","Image","getVirtualSize",1,2,8,8,60.00,0.01,0,0,0,3,0,1,2.50,0,0,0,0,5,0,1,0,0,24.00,3
"No System Name","com.kpelykh.docker.client","DockerClient","getVizImages",4,12,99,40,7788.53,0.18,5,6,0,17,0,1,14.78,0,1,2,2,59,1,12,0,5,526.87,40
"No System Name","com.kpelykh.docker.client.model","ContainerConfig","getVolumes",1,2,8,8,60.00,0.01,1,0,0,3,0,1,2.50,0,0,0,0,5,0,1,0,0,24.00,3
"No System Name","com.kpelykh.docker.client.model","ContainerInspectResponse","getVolumes",1,2,12,11,181.62,0.01,2,0,0,3,0,1,4.38,0,0,0,0,7,0,1,0,0,41.51,5
"No System Name","com.kpelykh.docker.client.model","ContainerConfig","getVolumesFrom",1,2,8,8,60.00,0.01,1,0,0,3,0,1,2.50,0,0,0,0,5,0,1,0,0,24.00,3
"No System Name","com.kpelykh.docker.client.model","HostConfig","getVolumesFrom",1,2,8,8,60.00,0.01,1,0,0,3,0,1,2.50,0,0,0,0,5,0,1,0,0,24.00,3
"No System Name","com.kpelykh.docker.client.model","ContainerInspectResponse","getVolumesRW",1,2,12,11,181.62,0.01,2,0,0,3,0,1,4.38,0,0,0,0,7,0,1,0,0,41.51,5
"No System Name","com.kpelykh.docker.client.model","ContainerCreateResponse","getWarnings",1,2,9,9,85.59,0.01,1,0,0,3,0,1,3.00,0,0,0,0,6,0,1,0,0,28.53,3
"No System Name","com.kpelykh.docker.client.model","ContainerConfig","getWorkingDir",1,2,8,8,60.00,0.01,1,0,0,1,0,1,2.50,0,0,0,0,5,0,1,0,0,24.00,3
"No System Name","com.kpelykh.docker.client.model","Info","getnEventListener",1,2,8,8,60.00,0.01,0,0,0,3,0,1,2.50,0,0,0,0,5,0,1,0,0,24.00,3
"No System Name","com.kpelykh.docker.client.utils","JsonClientFilter","handle",2,7,61,27,2175.36,0.10,3,6,1,9,1,1,7.50,0,0,1,3,31,0,7,0,1,290.05,30
"No System Name","com.kpelykh.docker.client","DockerClient","importImage",3,14,131,59,11713.52,0.26,11,11,0,19,3,1,15.20,0,1,2,2,67,1,18,0,4,770.63,64
"No System Name","com.kpelykh.docker.client","DockerClient","info",3,8,74,39,4533.43,0.13,6,7,0,13,0,1,11.59,0,1,2,1,44,1,9,0,4,391.12,30
"No System Name","com.kpelykh.docker.client","DockerClient","inspectContainer",4,10,106,45,7952.40,0.19,8,9,0,15,1,1,13.66,0,1,2,1,61,2,12,0,5,582.14,45
"No System Name","com.kpelykh.docker.client","DockerClient","inspectImage",4,10,106,45,7952.40,0.19,8,9,0,15,1,1,13.66,0,1,2,1,61,2,12,0,5,582.14,45
"No System Name","com.kpelykh.docker.client.model","ContainerConfig","isAttachStderr",1,2,8,8,60.00,0.01,0,0,0,3,0,1,2.50,0,0,0,0,5,0,1,0,0,24.00,3
"No System Name","com.kpelykh.docker.client.model","ContainerConfig","isAttachStdin",1,2,8,8,60.00,0.01,0,0,0,3,0,1,2.50,0,0,0,0,5,0,1,0,0,24.00,3
"No System Name","com.kpelykh.docker.client.model","ContainerConfig","isAttachStdout",1,2,8,8,60.00,0.01,0,0,0,3,0,1,2.50,0,0,0,0,5,0,1,0,0,24.00,3
"No System Name","com.kpelykh.docker.client.model","Info","isDebug",1,2,8,8,60.00,0.01,0,0,0,3,0,1,2.50,0,0,0,0,5,0,1,0,0,24.00,3
"No System Name","com.kpelykh.docker.client","DockerClient","isFileResource",2,6,48,27,2457.91,0.08,4,4,0,9,1,2,10.77,0,1,1,1,28,0,5,0,2,228.23,20
"No System Name","com.kpelykh.docker.client.model","Info","isMemoryLimit",1,2,8,8,60.00,0.01,0,0,0,3,0,1,2.50,0,0,0,0,5,0,1,0,0,24.00,3
"No System Name","com.kpelykh.docker.client.model","ContainerConfig","isNetworkDisabled",1,2,8,8,60.00,0.01,0,0,0,3,0,1,2.50,0,0,0,0,5,0,1,0,0,24.00,3
"No System Name","com.kpelykh.docker.client.model","SearchItem","isOfficial",1,2,8,7,84.22,0.01,0,0,0,3,0,1,3.75,0,0,0,0,5,0,1,0,0,22.46,3
"No System Name","com.kpelykh.docker.client.model","ContainerConfig","isPrivileged",1,2,8,8,60.00,0.01,0,0,0,3,0,1,2.50,0,0,0,0,5,0,1,0,0,24.00,3
"No System Name","com.kpelykh.docker.client.model","HostConfig","isPrivileged",1,2,8,8,60.00,0.01,0,0,0,3,0,1,2.50,0,0,0,0,5,0,1,0,0,24.00,3
"No System Name","com.kpelykh.docker.client.model","HostConfig","isPublishAllPorts",1,2,8,8,60.00,0.01,0,0,0,3,0,1,2.50,0,0,0,0,5,0,1,0,0,24.00,3
"No System Name","com.kpelykh.docker.client.model","ContainerConfig","isStdInOnce",1,2,8,8,60.00,0.01,0,0,0,3,0,1,2.50,0,0,0,0,5,0,1,0,0,24.00,3
"No System Name","com.kpelykh.docker.client.model","ContainerConfig","isStdinOpen",1,2,8,8,60.00,0.01,0,0,0,3,0,1,2.50,0,0,0,0,5,0,1,0,0,24.00,3
"No System Name","com.kpelykh.docker.client.model","SearchItem","isTrusted",1,2,8,7,84.22,0.01,0,0,0,3,0,1,3.75,0,0,0,0,5,0,1,0,0,22.46,3
"No System Name","com.kpelykh.docker.client.model","ContainerConfig","isTty",1,2,8,8,60.00,0.01,0,0,0,3,0,1,2.50,0,0,0,0,5,0,1,0,0,24.00,3
"No System Name","com.kpelykh.docker.client","DockerClient","kill",5,12,123,46,8711.64,0.23,5,10,0,17,1,1,12.82,0,1,2,1,70,1,17,0,6,679.40,53
"No System Name","com.kpelykh.docker.client","DockerClient","listContainers",1,2,23,18,623.40,0.03,2,0,1,3,1,1,6.50,0,0,0,0,10,0,1,0,0,95.91,13
"No System Name","com.kpelykh.docker.client","DockerClient","listContainers",1,2,25,19,716.84,0.04,2,0,1,3,2,1,6.75,0,0,0,0,10,0,2,0,0,106.20,15
"No System Name","com.kpelykh.docker.client","DockerClient","listContainers",1,2,26,19,682.76,0.04,2,0,1,3,3,1,6.18,0,0,0,0,9,0,3,0,0,110.45,17
"No System Name","com.kpelykh.docker.client","DockerClient","listContainers",1,2,28,19,821.78,0.04,2,0,1,3,4,1,6.91,0,0,0,0,9,0,4,0,0,118.94,19
"No System Name","com.kpelykh.docker.client","DockerClient","listContainers",1,2,30,22,802.70,0.04,3,0,1,3,5,1,6.00,0,0,0,0,9,0,4,0,0,133.78,21
"No System Name","com.kpelykh.docker.client","DockerClient","listContainers",1,12,141,54,9776.85,0.27,8,9,0,14,6,1,12.05,0,0,0,3,65,0,21,0,0,811.44,76
"No System Name","com.kpelykh.docker.client","DockerClient","logContainer",1,2,15,12,215.10,0.02,3,0,1,3,1,1,4.00,0,0,0,0,7,1,1,0,0,53.77,8
"No System Name","com.kpelykh.docker.client","DockerClient","logContainer",6,18,175,61,18311.15,0.35,10,11,0,25,2,1,17.64,0,1,2,2,97,2,20,0,7,1037.88,78
"No System Name","com.kpelykh.docker.client","DockerClient","logContainerStream",1,2,15,13,190.31,0.02,3,0,1,3,1,1,3.43,0,0,0,0,7,1,1,0,0,55.51,8
"No System Name","com.kpelykh.docker.client.test","AbstractDockerClientTest","logResponseStream",2,7,41,24,1511.10,0.06,5,3,0,10,1,1,8.04,0,1,1,1,22,0,6,0,2,187.98,19
"No System Name","com.kpelykh.docker.client.model","Ports$Port","makePort",2,4,43,24,2267.26,0.07,2,2,0,5,3,2,11.50,0,0,0,1,20,0,6,0,0,197.15,23
"No System Name","com.kpelykh.docker.client","DockerClient","name",1,2,21,14,533.03,0.03,1,2,0,3,1,1,6.67,0,0,0,0,11,0,3,0,0,79.95,10
"No System Name","com.kpelykh.docker.client","DockerClient","ping",2,7,55,32,2566.67,0.09,5,5,0,10,0,1,9.33,0,1,1,2,31,1,7,0,2,275.00,24
"No System Name","com.kpelykh.docker.client","DockerClient","pull",1,2,18,14,342.66,0.02,3,0,1,3,1,1,5.00,0,0,0,0,8,1,1,0,0,68.53,10
"No System Name","com.kpelykh.docker.client","DockerClient","pull",1,2,20,15,410.22,0.03,3,0,1,3,2,1,5.25,0,0,0,0,8,1,2,0,0,78.14,12
"No System Name","com.kpelykh.docker.client","DockerClient","pull",4,17,157,65,15968.64,0.32,11,13,0,23,3,1,16.89,0,1,2,3,81,1,23,0,5,945.51,76
"No System Name","com.kpelykh.docker.client","DockerClient","push",3,7,74,39,4684.55,0.13,7,3,2,14,1,1,11.98,0,1,1,1,43,1,7,0,3,391.12,31
"No System Name","com.kpelykh.docker.client","DockerClient","registryAuth",2,4,37,22,1072.49,0.05,5,5,1,7,0,1,6.50,0,1,1,0,24,1,1,0,2,165.00,13
"No System Name","com.kpelykh.docker.client.utils","CompressArchiveUtil","relativize",1,3,31,16,930.00,0.04,2,3,0,4,2,2,7.50,0,0,0,1,16,0,3,0,0,124.00,15
"No System Name","com.kpelykh.docker.client.test","DockerClientTest","removeContainer",1,13,118,45,5276.89,0.22,6,11,5,16,0,2,8.14,0,0,0,4,61,1,18,0,0,648.04,57
"No System Name","com.kpelykh.docker.client","DockerClient","removeContainer",1,2,16,13,228.37,0.02,2,0,1,3,1,1,3.86,0,0,0,0,7,1,1,0,0,59.21,9
"No System Name","com.kpelykh.docker.client","DockerClient","removeContainer",6,16,174,64,16750.40,0.35,8,12,0,21,2,1,16.04,0,1,2,2,98,1,21,0,7,1044.00,76
"No System Name","com.kpelykh.docker.client","DockerClient","removeContainers",2,7,33,23,1033.46,0.05,4,1,1,6,2,1,6.92,1,0,1,0,15,1,4,0,1,149.28,18
"No System Name","com.kpelykh.docker.client","DockerClient","removeImage",6,15,145,52,11020.85,0.28,6,9,0,21,1,1,13.33,0,1,2,1,85,1,17,0,7,826.56,60
"No System Name","com.kpelykh.docker.client","DockerClient","removeImages",2,7,30,21,898.43,0.04,4,1,1,6,1,1,6.82,1,0,1,0,15,1,3,0,1,131.77,15
"No System Name","com.kpelykh.docker.client","DockerClient","restart",5,12,130,48,9405.58,0.24,6,10,0,17,2,1,12.95,0,1,2,1,73,2,16,0,6,726.05,57
"No System Name","com.kpelykh.docker.client.test","DockerClientTest","restartContainer",1,19,187,54,11128.51,0.36,5,13,5,25,0,2,10.34,0,0,0,6,96,1,31,0,0,1076.16,91
"No System Name","com.kpelykh.docker.client","DockerClient","search",3,7,84,42,5775.17,0.15,8,8,0,13,1,1,12.75,0,1,2,1,50,1,8,0,4,452.95,34
"No System Name","com.kpelykh.docker.client.model","BoundHostVolumes$Serializer","serialize",1,2,24,19,481.95,0.03,4,1,0,4,3,2,4.73,0,0,0,0,11,1,2,0,0,101.95,13
"No System Name","com.kpelykh.docker.client.model","Ports$Serializer","serialize",2,15,105,42,5123.14,0.19,7,11,0,15,3,2,9.05,1,0,1,1,54,2,18,0,1,566.19,51
"No System Name","com.kpelykh.docker.client.model","Version","setApiVersion",1,2,13,11,188.88,0.01,1,0,0,3,1,1,4.20,0,0,0,0,6,0,2,0,0,44.97,7
"No System Name","com.kpelykh.docker.client.model","ImageInspectResponse","setArch",1,2,13,11,188.88,0.01,1,0,0,3,1,1,4.20,0,0,0,0,6,0,2,0,0,44.97,7
"No System Name","com.kpelykh.docker.client.model","Version","setArch",1,2,13,11,188.88,0.01,1,0,0,3,1,1,4.20,0,0,0,0,6,0,2,0,0,44.97,7
"No System Name","com.kpelykh.docker.client.model","ContainerInspectResponse","setArgs",1,2,14,12,245.93,0.02,1,0,0,3,1,1,4.90,0,0,0,0,7,0,2,0,0,50.19,7
"No System Name","com.kpelykh.docker.client.model","ContainerConfig","setAttachStderr",1,3,16,12,321.21,0.02,1,0,0,4,1,1,5.60,0,0,0,0,8,0,2,0,0,57.36,8
"No System Name","com.kpelykh.docker.client.model","ContainerConfig","setAttachStdin",1,3,16,12,321.21,0.02,1,0,0,4,1,1,5.60,0,0,0,0,8,0,2,0,0,57.36,8
"No System Name","com.kpelykh.docker.client.model","ContainerConfig","setAttachStdout",1,3,16,12,321.21,0.02,1,0,0,4,1,1,5.60,0,0,0,0,8,0,2,0,0,57.36,8
"No System Name","com.kpelykh.docker.client.model","CommitConfig","setAuthor",1,3,16,12,321.21,0.02,2,0,0,4,1,1,5.60,0,0,0,0,8,0,2,0,0,57.36,8
"No System Name","com.kpelykh.docker.client.model","ImageInspectResponse","setAuthor",1,2,13,11,188.88,0.01,1,0,0,3,1,1,4.20,0,0,0,0,6,0,2,0,0,44.97,7
"No System Name","com.kpelykh.docker.client.model","HostConfig","setBinds",1,2,14,12,245.93,0.02,1,0,0,3,1,1,4.90,0,0,0,0,7,0,2,0,0,50.19,7
"No System Name","com.kpelykh.docker.client.model","ContainerConfig","setCmd",1,3,17,13,402.61,0.02,2,0,0,4,1,1,6.40,0,0,0,0,9,0,2,0,0,62.91,8
"No System Name","com.kpelykh.docker.client.model","Container","setCommand",1,2,13,11,188.88,0.01,1,0,0,3,1,1,4.20,0,0,0,0,6,0,2,0,0,44.97,7
"No System Name","com.kpelykh.docker.client.model","ImageInspectResponse","setComment",1,2,13,11,188.88,0.01,1,0,0,3,1,1,4.20,0,0,0,0,6,0,2,0,0,44.97,7
"No System Name","com.kpelykh.docker.client.model","ContainerInspectResponse","setConfig",1,2,13,11,188.88,0.01,1,0,0,3,1,1,4.20,0,0,0,0,6,0,2,0,0,44.97,7
"No System Name","com.kpelykh.docker.client.model","ImageInspectResponse","setConfig",1,2,13,11,188.88,0.01,1,0,0,3,1,1,4.20,0,0,0,0,6,0,2,0,0,44.97,7
"No System Name","com.kpelykh.docker.client.model","ImageInspectResponse","setContainer",1,2,13,11,188.88,0.01,1,0,0,3,1,1,4.20,0,0,0,0,6,0,2,0,0,44.97,7
"No System Name","com.kpelykh.docker.client.model","ImageInspectResponse","setContainerConfig",1,2,13,11,188.88,0.01,1,0,0,3,1,1,4.20,0,0,0,0,6,0,2,0,0,44.97,7
"No System Name","com.kpelykh.docker.client.model","HostConfig","setContainerIDFile",1,2,13,11,188.88,0.01,1,0,0,3,1,1,4.20,0,0,0,0,6,0,2,0,0,44.97,7
"No System Name","com.kpelykh.docker.client.model","Info","setContainers",1,2,13,11,188.88,0.01,0,0,0,3,1,1,4.20,0,0,0,0,6,0,2,0,0,44.97,7
"No System Name","com.kpelykh.docker.client.model","ContainerConfig","setCpuShares",1,3,16,12,321.21,0.02,1,0,0,4,1,1,5.60,0,0,0,0,8,0,2,0,0,57.36,8
"No System Name","com.kpelykh.docker.client.model","ContainerInspectResponse","setCreated",1,2,13,11,188.88,0.01,1,0,0,3,1,1,4.20,0,0,0,0,6,0,2,0,0,44.97,7
"No System Name","com.kpelykh.docker.client.model","ImageInspectResponse","setCreated",1,2,13,11,188.88,0.01,1,0,0,3,1,1,4.20,0,0,0,0,6,0,2,0,0,44.97,7
"No System Name","com.kpelykh.docker.client.model","Container","setCreated",1,2,13,11,188.88,0.01,0,0,0,3,1,1,4.20,0,0,0,0,6,0,2,0,0,44.97,7
"No System Name","com.kpelykh.docker.client.model","Image","setCreated",1,2,13,11,188.88,0.01,0,0,0,3,1,1,4.20,0,0,0,0,6,0,2,0,0,44.97,7
"No System Name","com.kpelykh.docker.client","DockerClient","setCredentials",4,11,71,26,3233.02,0.11,3,5,0,15,3,1,9.69,0,0,1,0,40,0,10,0,3,333.73,31
"No System Name","com.kpelykh.docker.client.model","Info","setDebug",1,2,13,11,188.88,0.01,0,0,0,3,1,1,4.20,0,0,0,0,6,0,2,0,0,44.97,7
"No System Name","com.kpelykh.docker.client.model","HostConfig","setDns",1,2,13,11,188.88,0.01,1,0,0,3,1,1,4.20,0,0,0,0,6,0,2,0,0,44.97,7
"No System Name","com.kpelykh.docker.client.model","ContainerConfig","setDns",1,3,17,13,402.61,0.02,2,0,0,4,1,1,6.40,0,0,0,0,9,0,2,0,0,62.91,8
"No System Name","com.kpelykh.docker.client.model","HostConfig","setDnsSearch",1,2,13,11,188.88,0.01,1,0,0,3,1,1,4.20,0,0,0,0,6,0,2,0,0,44.97,7
"No System Name","com.kpelykh.docker.client.model","ImageInspectResponse","setDockerVersion",1,2,13,11,188.88,0.01,1,0,0,3,1,1,4.20,0,0,0,0,6,0,2,0,0,44.97,7
"No System Name","com.kpelykh.docker.client.model","ContainerConfig","setDomainName",1,2,13,11,188.88,0.01,1,0,0,3,1,1,4.20,0,0,0,0,6,0,2,0,0,44.97,7
"No System Name","com.kpelykh.docker.client.model","ContainerInspectResponse","setDriver",1,2,13,11,188.88,0.01,1,0,0,3,1,1,4.20,0,0,0,0,6,0,2,0,0,44.97,7
"No System Name","com.kpelykh.docker.client.model","Info","setDriver",1,2,13,11,188.88,0.01,1,0,0,3,1,1,4.20,0,0,0,0,6,0,2,0,0,44.97,7
"No System Name","com.kpelykh.docker.client.model","Info","setDriverStatuses",1,2,16,14,324.89,0.02,2,0,0,3,1,1,5.33,0,0,0,0,8,0,2,0,0,60.92,8
"No System Name","com.kpelykh.docker.client.model","AuthConfig","setEmail",1,2,13,11,188.88,0.01,1,0,0,3,1,1,4.20,0,0,0,0,6,0,2,0,0,44.97,7
"No System Name","com.kpelykh.docker.client.model","ContainerConfig","setEntrypoint",1,3,17,13,402.61,0.02,2,0,0,4,1,1,6.40,0,0,0,0,9,0,2,0,0,62.91,8
"No System Name","com.kpelykh.docker.client.model","ContainerConfig","setEnv",1,3,17,13,402.61,0.02,2,0,0,4,1,1,6.40,0,0,0,0,9,0,2,0,0,62.91,8
"No System Name","com.kpelykh.docker.client.model","ContainerInspectResponse","setExecDriver",1,2,13,11,188.88,0.01,1,0,0,3,1,1,4.20,0,0,0,0,6,0,2,0,0,44.97,7
"No System Name","com.kpelykh.docker.client.model","Info","setExecutionDriver",1,2,13,11,188.88,0.01,1,0,0,3,1,1,4.20,0,0,0,0,6,0,2,0,0,44.97,7
"No System Name","com.kpelykh.docker.client.model","Version","setGitCommit",1,2,13,11,188.88,0.01,1,0,0,3,1,1,4.20,0,0,0,0,6,0,2,0,0,44.97,7
"No System Name","com.kpelykh.docker.client.model","Version","setGoVersion",1,2,13,11,188.88,0.01,1,0,0,3,1,1,4.20,0,0,0,0,6,0,2,0,0,44.97,7
"No System Name","com.kpelykh.docker.client.model","ContainerInspectResponse","setHostConfig",1,2,13,11,188.88,0.01,1,0,0,3,1,1,4.20,0,0,0,0,6,0,2,0,0,44.97,7
"No System Name","com.kpelykh.docker.client.model","ContainerConfig","setHostName",1,3,16,12,321.21,0.02,2,0,0,4,1,1,5.60,0,0,0,0,8,0,2,0,0,57.36,8
"No System Name","com.kpelykh.docker.client.model","CopyConfig","setHostPath",1,2,13,11,188.88,0.01,1,0,0,3,1,1,4.20,0,0,0,0,6,0,2,0,0,44.97,7
"No System Name","com.kpelykh.docker.client.model","ContainerInspectResponse","setHostnamePath",1,2,13,11,188.88,0.01,1,0,0,3,1,1,4.20,0,0,0,0,6,0,2,0,0,44.97,7
"No System Name","com.kpelykh.docker.client.model","ContainerInspectResponse","setHostsPath",1,2,13,11,188.88,0.01,1,0,0,3,1,1,4.20,0,0,0,0,6,0,2,0,0,44.97,7
"No System Name","com.kpelykh.docker.client.model","Info","setIPv4Forwarding",1,2,13,11,188.88,0.01,1,0,0,3,1,1,4.20,0,0,0,0,6,0,2,0,0,44.97,7
"No System Name","com.kpelykh.docker.client.model","Container","setId",1,2,13,11,188.88,0.01,1,0,0,3,1,1,4.20,0,0,0,0,6,0,2,0,0,44.97,7
"No System Name","com.kpelykh.docker.client.model","ContainerCreateResponse","setId",1,2,13,11,188.88,0.01,1,0,0,3,1,1,4.20,0,0,0,0,6,0,2,0,0,44.97,7
"No System Name","com.kpelykh.docker.client.model","ContainerInspectResponse","setId",1,2,13,11,188.88,0.01,1,0,0,3,1,1,4.20,0,0,0,0,6,0,2,0,0,44.97,7
"No System Name","com.kpelykh.docker.client.model","Image","setId",1,2,13,11,188.88,0.01,1,0,0,3,1,1,4.20,0,0,0,0,6,0,2,0,0,44.97,7
"No System Name","com.kpelykh.docker.client.model","ImageInspectResponse","setId",1,2,13,11,188.88,0.01,1,0,0,3,1,1,4.20,0,0,0,0,6,0,2,0,0,44.97,7
"No System Name","com.kpelykh.docker.client.model","Container","setImage",1,2,13,11,188.88,0.01,1,0,0,3,1,1,4.20,0,0,0,0,6,0,2,0,0,44.97,7
"No System Name","com.kpelykh.docker.client.model","ContainerConfig","setImage",1,3,16,12,321.21,0.02,2,0,0,4,1,1,5.60,0,0,0,0,8,0,2,0,0,57.36,8
"No System Name","com.kpelykh.docker.client.model","ContainerInspectResponse","setImageId",1,2,13,12,163.12,0.02,1,0,0,3,1,1,3.50,0,0,0,0,6,0,2,0,0,46.60,7
"No System Name","com.kpelykh.docker.client.model","Info","setImages",1,2,13,11,188.88,0.01,0,0,0,3,1,1,4.20,0,0,0,0,6,0,2,0,0,44.97,7
"No System Name","com.kpelykh.docker.client.model","Info","setIndexServerAddress",1,2,11,10,109.62,0.01,1,0,0,3,1,1,3.00,0,0,0,0,5,0,2,0,0,36.54,6
"No System Name","com.kpelykh.docker.client.model","Info","setInitPath",1,2,13,11,188.88,0.01,1,0,0,3,1,1,4.20,0,0,0,0,6,0,2,0,0,44.97,7
"No System Name","com.kpelykh.docker.client.model","Info","setInitSha1",1,2,13,11,188.88,0.01,1,0,0,3,1,1,4.20,0,0,0,0,6,0,2,0,0,44.97,7
"No System Name","com.kpelykh.docker.client.model","Info","setKernelVersion",1,2,13,11,188.88,0.01,1,0,0,3,1,1,4.20,0,0,0,0,6,0,2,0,0,44.97,7
"No System Name","com.kpelykh.docker.client.model","Version","setKernelVersion",1,2,13,11,188.88,0.01,1,0,0,3,1,1,4.20,0,0,0,0,6,0,2,0,0,44.97,7
"No System Name","com.kpelykh.docker.client.model","HostConfig$LxcConf","setKey",1,3,16,12,321.21,0.02,2,0,0,4,1,1,5.60,0,0,0,0,8,0,2,0,0,57.36,8
"No System Name","com.kpelykh.docker.client.model","HostConfig","setLinks",1,2,14,12,245.93,0.02,1,0,0,3,1,1,4.90,0,0,0,0,7,0,2,0,0,50.19,7
"No System Name","com.kpelykh.docker.client.model","HostConfig","setLxcConf",1,2,14,12,245.93,0.02,1,0,0,3,1,1,4.90,0,0,0,0,7,0,2,0,0,50.19,7
"No System Name","com.kpelykh.docker.client.model","Info","setLxcVersion",1,2,13,11,188.88,0.01,1,0,0,3,1,1,4.20,0,0,0,0,6,0,2,0,0,44.97,7
"No System Name","com.kpelykh.docker.client.model","Info","setMemoryLimit",1,2,13,11,188.88,0.01,0,0,0,3,1,1,4.20,0,0,0,0,6,0,2,0,0,44.97,7
"No System Name","com.kpelykh.docker.client.model","ContainerConfig","setMemoryLimit",1,3,16,12,321.21,0.02,1,0,0,4,1,1,5.60,0,0,0,0,8,0,2,0,0,57.36,8
"No System Name","com.kpelykh.docker.client.model","ContainerConfig","setMemorySwap",1,3,16,12,321.21,0.02,1,0,0,4,1,1,5.60,0,0,0,0,8,0,2,0,0,57.36,8
"No System Name","com.kpelykh.docker.client.model","CommitConfig","setMessage",1,3,16,12,321.21,0.02,2,0,0,4,1,1,5.60,0,0,0,0,8,0,2,0,0,57.36,8
"No System Name","com.kpelykh.docker.client.model","ContainerInspectResponse","setMountLabel",1,2,13,11,188.88,0.01,1,0,0,3,1,1,4.20,0,0,0,0,6,0,2,0,0,44.97,7
"No System Name","com.kpelykh.docker.client.model","Info","setNFd",1,2,13,11,188.88,0.01,0,0,0,3,1,1,4.20,0,0,0,0,6,0,2,0,0,44.97,7
"No System Name","com.kpelykh.docker.client.model","Info","setNGoroutines",1,2,13,11,188.88,0.01,0,0,0,3,1,1,4.20,0,0,0,0,6,0,2,0,0,44.97,7
"No System Name","com.kpelykh.docker.client.model","ContainerInspectResponse","setName",1,2,13,11,188.88,0.01,1,0,0,3,1,1,4.20,0,0,0,0,6,0,2,0,0,44.97,7
"No System Name","com.kpelykh.docker.client.model","Container","setNames",1,2,14,12,245.93,0.02,1,0,0,3,1,1,4.90,0,0,0,0,7,0,2,0,0,50.19,7
"No System Name","com.kpelykh.docker.client.model","ContainerConfig","setNetworkDisabled",1,3,16,12,321.21,0.02,1,0,0,4,1,1,5.60,0,0,0,0,8,0,2,0,0,57.36,8
"No System Name","com.kpelykh.docker.client.model","ContainerInspectResponse","setNetworkSettings",1,2,13,11,188.88,0.01,1,0,0,3,1,1,4.20,0,0,0,0,6,0,2,0,0,44.97,7
"No System Name","com.kpelykh.docker.client.model","ContainerConfig","setOnBuild",1,2,14,12,245.93,0.02,0,0,0,3,1,1,4.90,0,0,0,0,7,0,2,0,0,50.19,7
"No System Name","com.kpelykh.docker.client.model","Version","setOperatingSystem",1,2,13,11,188.88,0.01,1,0,0,3,1,1,4.20,0,0,0,0,6,0,2,0,0,44.97,7
"No System Name","com.kpelykh.docker.client.model","ImageInspectResponse","setOs",1,2,13,11,188.88,0.01,1,0,0,3,1,1,4.20,0,0,0,0,6,0,2,0,0,44.97,7
"No System Name","com.kpelykh.docker.client.model","ImageInspectResponse","setParent",1,2,13,11,188.88,0.01,1,0,0,3,1,1,4.20,0,0,0,0,6,0,2,0,0,44.97,7
"No System Name","com.kpelykh.docker.client.model","Image","setParentId",1,2,13,11,188.88,0.01,1,0,0,3,1,1,4.20,0,0,0,0,6,0,2,0,0,44.97,7
"No System Name","com.kpelykh.docker.client.model","AuthConfig","setPassword",1,2,13,11,188.88,0.01,1,0,0,3,1,1,4.20,0,0,0,0,6,0,2,0,0,44.97,7
"No System Name","com.kpelykh.docker.client.model","ContainerInspectResponse","setPath",1,2,13,11,188.88,0.01,1,0,0,3,1,1,4.20,0,0,0,0,6,0,2,0,0,44.97,7
"No System Name","com.kpelykh.docker.client.model","HostConfig","setPortBindings",1,2,13,11,188.88,0.01,1,0,0,3,1,1,4.20,0,0,0,0,6,0,2,0,0,44.97,7
"No System Name","com.kpelykh.docker.client.model","ContainerConfig","setPortSpecs",1,3,17,13,402.61,0.02,2,0,0,4,1,1,6.40,0,0,0,0,9,0,2,0,0,62.91,8
"No System Name","com.kpelykh.docker.client.model","Container","setPorts",1,2,13,11,188.88,0.01,1,0,0,3,1,1,4.20,0,0,0,0,6,0,2,0,0,44.97,7
"No System Name","com.kpelykh.docker.client.model","Port","setPrivatePort",1,2,13,11,188.88,0.01,0,0,0,3,1,1,4.20,0,0,0,0,6,0,2,0,0,44.97,7
"No System Name","com.kpelykh.docker.client.model","ContainerConfig","setPrivileged",1,3,16,12,321.21,0.02,1,0,0,4,1,1,5.60,0,0,0,0,8,0,2,0,0,57.36,8
"No System Name","com.kpelykh.docker.client.model","HostConfig","setPrivileged",1,2,13,11,188.88,0.01,0,0,0,3,1,1,4.20,0,0,0,0,6,0,2,0,0,44.97,7
"No System Name","com.kpelykh.docker.client.model","Port","setPublicPort",1,2,13,11,188.88,0.01,0,0,0,3,1,1,4.20,0,0,0,0,6,0,2,0,0,44.97,7
"No System Name","com.kpelykh.docker.client.model","HostConfig","setPublishAllPorts",1,2,13,11,188.88,0.01,0,0,0,3,1,1,4.20,0,0,0,0,6,0,2,0,0,44.97,7
"No System Name","com.kpelykh.docker.client.model","CommitConfig","setRepo",1,3,16,12,321.21,0.02,2,0,0,4,1,1,5.60,0,0,0,0,8,0,2,0,0,57.36,8
"No System Name","com.kpelykh.docker.client.model","Image","setRepoTags",1,2,14,12,245.93,0.02,1,0,0,3,1,1,4.90,0,0,0,0,7,0,2,0,0,50.19,7
"No System Name","com.kpelykh.docker.client.model","Image","setRepository",1,2,13,11,188.88,0.01,1,0,0,3,1,1,4.20,0,0,0,0,6,0,2,0,0,44.97,7
"No System Name","com.kpelykh.docker.client.model","ContainerInspectResponse","setResolvConfPath",1,2,13,11,188.88,0.01,1,0,0,3,1,1,4.20,0,0,0,0,6,0,2,0,0,44.97,7
"No System Name","com.kpelykh.docker.client.model","CopyConfig","setResource",1,2,13,11,188.88,0.01,1,0,0,3,1,1,4.20,0,0,0,0,6,0,2,0,0,44.97,7
"No System Name","com.kpelykh.docker.client.model","CommitConfig","setRun",1,3,16,12,321.21,0.02,2,0,0,4,1,1,5.60,0,0,0,0,8,0,2,0,0,57.36,8
"No System Name","com.kpelykh.docker.client.model","AuthConfig","setServerAddress",1,2,13,11,188.88,0.01,1,0,0,3,1,1,4.20,0,0,0,0,6,0,2,0,0,44.97,7
"No System Name","com.kpelykh.docker.client.model","Container","setSize",1,2,13,11,188.88,0.01,0,0,0,3,1,1,4.20,0,0,0,0,6,0,2,0,0,44.97,7
"No System Name","com.kpelykh.docker.client.model","Image","setSize",1,2,13,11,188.88,0.01,0,0,0,3,1,1,4.20,0,0,0,0,6,0,2,0,0,44.97,7
"No System Name","com.kpelykh.docker.client.model","ImageInspectResponse","setSize",1,2,13,11,188.88,0.01,0,0,0,3,1,1,4.20,0,0,0,0,6,0,2,0,0,44.97,7
"No System Name","com.kpelykh.docker.client.model","Container","setSizeRootFs",1,2,13,11,188.88,0.01,0,0,0,3,1,1,4.20,0,0,0,0,6,0,2,0,0,44.97,7
"No System Name","com.kpelykh.docker.client.model","ContainerInspectResponse","setState",1,2,13,11,188.88,0.01,1,0,0,3,1,1,4.20,0,0,0,0,6,0,2,0,0,44.97,7
"No System Name","com.kpelykh.docker.client.model","Container","setStatus",1,2,13,11,188.88,0.01,1,0,0,3,1,1,4.20,0,0,0,0,6,0,2,0,0,44.97,7
"No System Name","com.kpelykh.docker.client.model","ContainerConfig","setStdInOnce",1,3,16,12,321.21,0.02,1,0,0,4,1,1,5.60,0,0,0,0,8,0,2,0,0,57.36,8
"No System Name","com.kpelykh.docker.client.model","ContainerConfig","setStdinOpen",1,3,16,12,321.21,0.02,1,0,0,4,1,1,5.60,0,0,0,0,8,0,2,0,0,57.36,8
"No System Name","com.kpelykh.docker.client.model","Info","setSwapLimit",1,2,13,11,188.88,0.01,0,0,0,3,1,1,4.20,0,0,0,0,6,0,2,0,0,44.97,7
"No System Name","com.kpelykh.docker.client.model","ContainerInspectResponse","setSysInitPath",1,2,13,11,188.88,0.01,1,0,0,3,1,1,4.20,0,0,0,0,6,0,2,0,0,44.97,7
"No System Name","com.kpelykh.docker.client.model","CommitConfig","setTag",1,3,16,12,321.21,0.02,2,0,0,4,1,1,5.60,0,0,0,0,8,0,2,0,0,57.36,8
"No System Name","com.kpelykh.docker.client.model","Image","setTag",1,2,13,11,188.88,0.01,1,0,0,3,1,1,4.20,0,0,0,0,6,0,2,0,0,44.97,7
"No System Name","com.kpelykh.docker.client.model","ContainerConfig","setTty",1,3,16,12,321.21,0.02,1,0,0,4,1,1,5.60,0,0,0,0,8,0,2,0,0,57.36,8
"No System Name","com.kpelykh.docker.client.model","Port","setType",1,2,13,11,188.88,0.01,1,0,0,3,1,1,4.20,0,0,0,0,6,0,2,0,0,44.97,7
"No System Name","com.kpelykh.docker.client.model","ContainerConfig","setUser",1,3,16,12,321.21,0.02,2,0,0,4,1,1,5.60,0,0,0,0,8,0,2,0,0,57.36,8
"No System Name","com.kpelykh.docker.client.model","AuthConfig","setUsername",1,2,13,11,188.88,0.01,1,0,0,3,1,1,4.20,0,0,0,0,6,0,2,0,0,44.97,7
"No System Name","com.kpelykh.docker.client.model","HostConfig$LxcConf","setValue",1,3,16,12,321.21,0.02,2,0,0,4,1,1,5.60,0,0,0,0,8,0,2,0,0,57.36,8
"No System Name","com.kpelykh.docker.client.model","Version","setVersion",1,2,13,11,188.88,0.01,1,0,0,3,1,1,4.20,0,0,0,0,6,0,2,0,0,44.97,7
"No System Name","com.kpelykh.docker.client.model","Image","setVirtualSize",1,2,13,11,188.88,0.01,0,0,0,3,1,1,4.20,0,0,0,0,6,0,2,0,0,44.97,7
"No System Name","com.kpelykh.docker.client.model","ContainerConfig","setVolumes",1,3,16,12,321.21,0.02,2,0,0,4,1,1,5.60,0,0,0,0,8,0,2,0,0,57.36,8
"No System Name","com.kpelykh.docker.client.model","ContainerInspectResponse","setVolumes",1,2,17,14,388.35,0.02,2,0,0,3,1,1,6.00,0,0,0,0,8,0,2,0,0,64.73,9
"No System Name","com.kpelykh.docker.client.model","ContainerConfig","setVolumesFrom",1,3,16,12,321.21,0.02,2,0,0,4,1,1,5.60,0,0,0,0,8,0,2,0,0,57.36,8
"No System Name","com.kpelykh.docker.client.model","HostConfig","setVolumesFrom",1,2,13,11,188.88,0.01,1,0,0,3,1,1,4.20,0,0,0,0,6,0,2,0,0,44.97,7
"No System Name","com.kpelykh.docker.client.model","ContainerInspectResponse","setVolumesRW",1,2,17,14,388.35,0.02,2,0,0,3,1,1,6.00,0,0,0,0,8,0,2,0,0,64.73,9
"No System Name","com.kpelykh.docker.client.model","ContainerCreateResponse","setWarnings",1,2,14,12,245.93,0.02,1,0,0,3,1,1,4.90,0,0,0,0,7,0,2,0,0,50.19,7
"No System Name","com.kpelykh.docker.client.model","ContainerConfig","setWorkingDir",1,3,16,12,321.21,0.02,2,0,0,4,1,1,5.60,0,0,0,0,8,0,2,0,0,57.36,8
"No System Name","com.kpelykh.docker.client.model","Info","setnEventListener",1,2,13,11,188.88,0.01,0,0,0,3,1,1,4.20,0,0,0,0,6,0,2,0,0,44.97,7
"No System Name","com.kpelykh.docker.client","DockerClient","startContainer",1,2,16,13,228.37,0.02,2,0,1,3,1,1,3.86,0,0,0,0,7,1,1,0,0,59.21,9
"No System Name","com.kpelykh.docker.client","DockerClient","startContainer",6,15,152,53,12612.57,0.29,8,11,0,22,2,1,14.49,0,1,2,2,85,2,20,1,8,870.64,67
"No System Name","com.kpelykh.docker.client","DockerClient","stopContainer",1,2,16,13,228.37,0.02,2,0,1,3,1,1,3.86,0,0,0,0,7,1,1,0,0,59.21,9
"No System Name","com.kpelykh.docker.client","DockerClient","stopContainer",5,12,134,51,9501.31,0.25,5,11,0,18,2,1,12.50,0,1,2,1,74,1,18,0,6,760.10,60
"No System Name","com.kpelykh.docker.client","DockerClient","tag",2,14,128,54,10390.30,0.25,9,10,0,17,4,1,14.11,0,1,1,3,61,1,18,0,2,736.63,67
"No System Name","com.kpelykh.docker.client.test","DockerClientAuthTest","testAuth",1,2,14,13,181.32,0.02,1,1,0,3,0,2,3.50,0,0,0,0,8,1,1,0,0,51.81,6
"No System Name","com.kpelykh.docker.client.test","DockerClientAuthTest","testAuthInvalid",2,7,62,32,1831.82,0.10,6,6,3,10,0,2,5.91,0,1,1,0,36,1,3,1,2,310.00,26
"No System Name","com.kpelykh.docker.client.test","DockerClientTest","testCreateContainer",1,8,71,35,2403.58,0.12,4,8,3,10,0,2,6.60,0,0,0,2,38,1,9,0,0,364.18,33
"No System Name","com.kpelykh.docker.client.test","DockerClientTest","testDiff",1,17,168,55,9281.01,0.32,6,13,6,20,0,2,9.56,0,0,0,6,82,1,22,0,0,971.27,86
"No System Name","com.kpelykh.docker.client.test","DockerClientTest","testDockerBuilderAddFileInSubfolder",1,3,36,24,841.80,0.06,4,4,1,5,0,2,5.10,0,0,0,1,19,2,1,0,0,165.06,17
"No System Name","com.kpelykh.docker.client.test","DockerClientTest","testDockerBuilderAddFolder",1,3,36,24,841.80,0.06,4,4,1,6,0,2,5.10,0,0,0,1,19,2,1,0,0,165.06,17
"No System Name","com.kpelykh.docker.client.test","DockerClientTest","testDockerBuilderAddUrl",1,3,36,24,841.80,0.06,4,4,1,5,0,2,5.10,0,0,0,1,19,2,1,0,0,165.06,17
"No System Name","com.kpelykh.docker.client.test","DockerClientTest","testDockerInfo",1,11,102,30,4933.53,0.17,2,9,1,12,0,2,9.86,0,0,0,1,56,1,11,0,0,500.50,46
"No System Name","com.kpelykh.docker.client.test","DockerClientTest","testDockerSearch",1,6,66,35,2369.73,0.11,4,4,6,9,0,2,7.00,0,0,0,2,31,1,6,0,0,338.53,35
"No System Name","com.kpelykh.docker.client.test","DockerClientTest","testDockerVersion",1,6,65,29,2131.44,0.11,3,8,2,7,0,2,6.75,0,0,0,1,35,1,7,0,0,315.77,30
"No System Name","com.kpelykh.docker.client.test","DockerClientTest","testImages",1,12,121,41,6168.96,0.22,4,11,7,13,0,2,9.52,0,0,0,3,62,1,13,0,0,648.26,59
"No System Name","com.kpelykh.docker.client.test","DockerClientTest","testKillContainer",1,15,150,50,7619.21,0.28,5,12,5,20,0,2,9.00,0,0,0,3,78,1,23,0,0,846.58,72
"No System Name","com.kpelykh.docker.client.test","DockerClientTest","testListContainers",3,38,318,80,35954.75,0.67,8,19,11,37,0,2,17.88,2,0,1,10,163,1,46,0,2,2010.37,155
"No System Name","com.kpelykh.docker.client.test","DockerClientTest","testLogs",1,14,127,49,5759.40,0.24,6,11,6,16,0,2,8.08,0,0,0,5,64,2,19,0,0,713.07,63
"No System Name","com.kpelykh.docker.client.test","DockerClientTest","testNetCatDockerfileBuilder",3,36,329,103,29435.61,0.73,17,30,8,48,0,2,13.38,2,0,2,13,172,3,45,0,4,2199.86,157
"No System Name","com.kpelykh.docker.client.test","DockerClientTest","testNginxDockerfileBuilder",2,19,177,70,10515.75,0.36,11,20,5,29,0,2,9.69,1,0,2,8,92,2,21,0,3,1084.88,85
"No System Name","com.kpelykh.docker.client.test","DockerPushTest","testNotExistentImage",1,2,24,20,414.91,0.03,1,1,3,3,0,2,4.00,0,0,0,0,12,1,2,0,0,103.73,12
"No System Name","com.kpelykh.docker.client.test","DockerClientTest","testPullImage",1,17,137,44,5900.43,0.25,6,8,5,19,0,2,7.89,0,0,0,5,66,2,26,0,0,747.94,71
"No System Name","com.kpelykh.docker.client.test","DockerPushTest","testPushLatest",1,15,142,51,7642.03,0.27,5,14,6,17,0,2,9.49,0,0,0,4,73,1,22,0,0,805.48,69
"No System Name","com.kpelykh.docker.client.test","DockerClientTest","testRemoveImage",1,21,190,59,10606.77,0.37,8,16,6,24,0,2,9.49,0,0,0,5,97,2,33,0,0,1117.70,93
"No System Name","com.kpelykh.docker.client.test","DockerClientTest","testRunShlex",2,15,104,48,5130.72,0.19,4,9,2,20,0,2,8.83,1,0,1,4,51,1,15,0,1,580.84,53
"No System Name","com.kpelykh.docker.client.test","DockerClientTest","testStartContainer",2,19,197,54,14900.23,0.38,5,13,7,25,0,2,13.14,0,0,1,4,105,1,28,0,1,1133.71,92
"No System Name","com.kpelykh.docker.client.test","DockerClientTest","testStopContainer",1,15,151,51,7625.26,0.29,5,12,5,20,0,2,8.90,0,0,0,3,78,1,23,0,0,856.54,73
"No System Name","com.kpelykh.docker.client.test","DockerClientTest","testTagImage",1,5,56,31,1759.19,0.09,5,5,2,6,0,2,6.34,0,0,0,2,25,2,6,0,0,277.43,31
"No System Name","com.kpelykh.docker.client.test","DockerClientTest","testWaitContainer",1,16,156,50,8364.19,0.29,5,12,5,21,0,2,9.50,0,0,0,4,80,1,25,0,0,880.44,76
"No System Name","com.kpelykh.docker.client.model","AuthConfig","toString",1,2,36,21,672.02,0.05,1,0,0,8,0,2,4.25,0,0,0,0,19,0,4,0,0,158.12,17
"No System Name","com.kpelykh.docker.client.model","ChangeLog","toString",1,2,22,17,314.73,0.03,1,0,0,6,0,2,3.50,0,0,0,0,12,0,2,0,0,89.92,10
"No System Name","com.kpelykh.docker.client.model","Container","toString",1,2,60,33,1404.36,0.10,2,1,0,13,0,2,4.64,0,0,0,0,31,0,9,0,0,302.66,29
"No System Name","com.kpelykh.docker.client.model","ContainerConfig","toString",1,2,146,63,4569.68,0.29,2,1,0,28,0,2,5.24,0,0,0,0,74,0,24,0,0,872.68,72
"No System Name","com.kpelykh.docker.client.model","ContainerCreateResponse","toString",1,2,26,19,481.95,0.04,2,1,0,6,0,2,4.36,0,0,0,0,14,0,2,0,0,110.45,12
"No System Name","com.kpelykh.docker.client.model","ContainerInspectResponse$ContainerState","toString",1,2,40,25,686.26,0.06,1,0,0,10,0,2,3.69,0,0,0,0,21,0,6,0,0,185.75,19
"No System Name","com.kpelykh.docker.client.model","ContainerInspectResponse$NetworkSettings","toString",1,2,42,25,758.50,0.07,1,0,0,10,0,2,3.89,0,0,0,0,22,0,6,0,0,195.04,20
"No System Name","com.kpelykh.docker.client.model","CopyConfig","toString",1,2,18,15,246.13,0.02,1,0,0,3,0,2,3.50,0,0,0,0,10,0,2,0,0,70.32,8
"No System Name","com.kpelykh.docker.client.model","DriverStatus","toString",1,2,22,17,314.73,0.03,1,0,0,6,0,2,3.50,0,0,0,0,12,0,2,0,0,89.92,10
"No System Name","com.kpelykh.docker.client.model","HostConfig","toString",1,2,60,31,1499.18,0.10,2,1,0,12,0,2,5.04,0,0,0,0,31,0,8,0,0,297.25,29
"No System Name","com.kpelykh.docker.client.model","Image","toString",1,2,56,31,1302.74,0.09,2,1,0,12,0,2,4.70,0,0,0,0,29,0,8,0,0,277.43,27
"No System Name","com.kpelykh.docker.client.model","ImageCreateResponse","toString",1,2,18,15,246.13,0.02,1,0,0,5,0,2,3.50,0,0,0,0,10,0,1,0,0,70.32,8
"No System Name","com.kpelykh.docker.client.model","ImageInspectResponse","toString",1,2,78,37,1801.43,0.14,1,0,0,16,0,2,4.43,0,0,0,0,40,0,12,0,0,406.34,38
"No System Name","com.kpelykh.docker.client.model","Info","toString",1,2,90,45,2003.08,0.16,1,0,0,20,0,2,4.05,0,0,0,0,46,0,16,0,0,494.27,44
"No System Name","com.kpelykh.docker.client.model","Port","toString",1,2,26,19,386.56,0.04,1,0,0,7,0,2,3.50,0,0,0,0,14,0,3,0,0,110.45,12
"No System Name","com.kpelykh.docker.client.model","Ports$Port","toString",1,2,36,21,672.02,0.05,1,0,0,8,0,2,4.25,0,0,0,0,19,0,4,0,0,158.12,17
"No System Name","com.kpelykh.docker.client.model","Ports","toString",1,2,13,11,196.76,0.01,1,1,0,3,0,2,4.38,0,0,0,0,8,0,1,0,0,44.97,5
"No System Name","com.kpelykh.docker.client.model","SearchItem","toString",1,2,22,16,342.22,0.03,1,0,0,4,0,2,3.89,0,0,0,0,12,0,2,0,0,88.00,10
"No System Name","com.kpelykh.docker.client.model","Version","toString",1,2,54,27,1168.28,0.09,1,0,0,11,0,2,4.55,0,0,0,0,28,0,7,0,0,256.76,26
"No System Name","com.kpelykh.docker.client","DockerClient","version",3,8,74,39,4533.43,0.13,6,7,0,13,0,1,11.59,0,1,2,1,44,1,9,0,4,391.12,30
"No System Name","com.kpelykh.docker.client","DockerClient","waitContainer",5,12,135,52,10839.79,0.26,9,12,0,18,1,1,14.09,0,2,2,2,77,2,15,0,6,769.56,58
"No System Name","com.kpelykh.docker.client.model","BoundHostVolumes","writeVolumes",2,10,42,22,1404.72,0.06,4,3,0,9,1,1,7.50,1,0,1,0,24,1,6,0,1,187.30,18
System overview for No System Name
Name, No. Packages, NOS, AVCC, HBUG, HEFF, MI, CCML, NLOC
"No System Name",5,2226,1.37,25.01,822708.30,169.04,546,3281
